date,high,low,close,change,最近N1个交易日的最高点,最近N2个交易日的最低点,当天的仓位,资金指数
2013-01-04,212.0,205.0,206.94,-0.009951,212.0,205.0,,
2013-01-07,205.88,202.5,204.29,-0.012806,212.0,202.5,,
2013-01-08,210.85,203.18,210.84,0.032062,212.0,202.5,0.0,209.019957598
2013-01-09,217.65,211.5,216.45,0.026608,217.65,202.5,0.0,209.019957598
2013-01-10,217.0,213.0,214.5,-0.009009,217.65,202.5,1.0,207.1368968
2013-01-11,215.15,209.88,211.26,-0.015105,217.65,202.5,1.0,204.008093974
2013-01-14,210.3,202.81,209.42,-0.00871,217.65,202.5,1.0,202.231183475
2013-01-15,212.1,206.82,210.85,0.006828,217.65,202.5,1.0,203.612017996
2013-01-16,206.8,203.68,206.0,-0.023002,217.65,202.5,1.0,198.928534358
2013-01-17,207.68,204.52,205.13,-0.004223,217.65,202.5,1.0,198.088459158
2013-01-18,206.48,200.11,203.76,-0.006679,217.65,200.11,1.0,196.765426339
2013-01-21,202.8,196.3,197.31,-0.031655,217.65,196.3,1.0,190.536816768
2013-01-22,199.73,189.0,198.83,0.007704,217.65,189.0,0.0,190.536816768
2013-01-23,199.51,193.8,198.98,0.000754,217.65,189.0,0.0,190.536816768
2013-01-24,200.1,194.8,195.96,-0.015177,217.65,189.0,0.0,190.536816768
2013-01-25,191.8,186.1,189.05,-0.035262,217.65,186.1,0.0,190.536816768
2013-01-28,187.8,178.0,178.5,-0.055805,217.65,178.0,0.0,190.536816768
2013-01-29,179.99,172.0,178.16,-0.001905,217.65,172.0,0.0,190.536816768
2013-01-30,182.49,176.68,180.12,0.011001,217.65,172.0,0.0,190.536816768
2013-01-31,181.8,177.77,178.9,-0.006773,217.65,172.0,0.0,190.536816768
2013-02-01,181.77,178.03,178.98,0.000447,217.65,172.0,0.0,190.536816768
2013-02-04,180.95,174.0,175.13,-0.021511,217.65,172.0,0.0,190.536816768
2013-02-05,184.5,173.8,184.43,0.053103,217.65,172.0,0.0,190.536816768
2013-02-06,185.07,182.0,183.93,-0.002711,217.0,172.0,0.0,190.536816768
2013-02-07,186.55,181.32,185.17,0.006742,215.15,172.0,0.0,190.536816768
2013-02-08,188.4,184.3,187.86,0.014527,212.1,172.0,0.0,190.536816768
2013-02-18,188.3,179.0,179.69,-0.04349,212.1,172.0,0.0,190.536816768
2013-02-19,180.59,176.8,177.92,-0.00985,207.68,172.0,0.0,190.536816768
2013-02-20,179.98,175.02,177.9,-0.000112,207.68,172.0,0.0,190.536816768
2013-02-21,185.2,175.05,180.02,0.011917,206.48,172.0,0.0,190.536816768
2013-02-22,186.6,181.0,185.59,0.030941,202.8,172.0,0.0,190.536816768
2013-02-25,185.35,180.26,181.09,-0.024247,200.1,172.0,0.0,190.536816768
2013-02-26,184.0,177.33,177.37,-0.020542,200.1,172.0,0.0,190.536816768
2013-02-27,178.7,175.56,176.77,-0.003383,200.1,172.0,0.0,190.536816768
2013-02-28,177.8,172.0,175.0,-0.010013,191.8,172.0,0.0,190.536816768
2013-03-01,175.96,172.99,173.82,-0.006743,188.4,172.0,0.0,190.536816768
2013-03-04,176.62,173.72,174.72,0.005178,188.4,172.0,0.0,190.536816768
2013-03-05,176.46,173.86,175.0,0.001603,188.4,172.0,0.0,190.536816768
2013-03-06,177.3,173.65,177.22,0.012686,188.4,172.0,0.0,190.536816768
2013-03-07,188.6,179.32,183.86,0.037468,188.6,172.0,0.0,190.536816768
2013-03-08,187.5,183.67,184.13,0.001469,188.6,172.0,0.0,190.536816768
2013-03-11,185.5,181.81,185.2,0.005811,188.6,172.0,0.0,190.536816768
2013-03-12,186.1,180.0,182.18,-0.016307,188.6,172.0,0.0,190.536816768
2013-03-13,186.02,182.4,183.83,0.009057,188.6,172.0,0.0,190.536816768
2013-03-14,184.77,178.66,178.94,-0.026601,188.6,172.0,0.0,190.536816768
2013-03-15,180.7,175.1,176.97,-0.011009,188.6,172.0,0.0,190.536816768
2013-03-18,176.9,168.19,169.45,-0.042493,188.6,168.19,0.0,190.536816768
2013-03-19,169.82,164.51,165.18,-0.025199,188.6,164.51,0.0,190.536816768
2013-03-20,170.59,164.1,169.91,0.028635,188.6,164.1,0.0,190.536816768
2013-03-21,169.5,165.8,166.78,-0.018422,188.6,164.1,0.0,190.536816768
2013-03-22,169.9,165.71,169.05,0.013611,188.6,164.1,0.0,190.536816768
2013-03-25,170.77,168.1,169.03,-0.000118,188.6,164.1,0.0,190.536816768
2013-03-26,171.21,168.41,169.88,0.005029,188.6,164.1,0.0,190.536816768
2013-03-27,170.4,165.4,166.79,-0.018189,188.6,164.1,0.0,190.536816768
2013-03-28,168.18,162.31,166.82,0.00018,188.6,162.31,0.0,190.536816768
2013-03-29,169.57,166.02,168.86,0.012229,188.6,162.31,0.0,190.536816768
2013-04-01,168.46,164.58,164.95,-0.023155,188.6,162.31,0.0,190.536816768
2013-04-02,165.97,163.27,163.71,-0.007517,188.6,162.31,0.0,190.536816768
2013-04-03,165.0,163.18,163.85,0.000855,188.6,162.31,0.0,190.536816768
2013-04-08,165.0,160.45,164.32,0.002868,187.5,160.45,0.0,190.536816768
2013-04-09,164.9,162.7,163.6,-0.004382,186.1,160.45,0.0,190.536816768
2013-04-10,171.11,162.7,169.96,0.038875,186.1,160.45,0.0,190.536816768
2013-04-11,171.0,168.3,168.92,-0.006119,186.02,160.45,0.0,190.536816768
2013-04-12,174.4,168.5,172.23,0.019595,184.77,160.45,0.0,190.536816768
2013-04-15,173.66,170.02,172.74,0.002961,180.7,160.45,0.0,190.536816768
2013-04-16,175.2,169.6,173.16,0.002431,176.9,160.45,0.0,190.536816768
2013-04-17,178.77,173.55,178.49,0.030781,178.77,160.45,0.0,190.536816768
2013-04-18,180.0,176.01,179.15,0.003698,180.0,160.45,1.0,191.241421917
2013-04-19,179.88,176.89,179.23,0.000447,180.0,160.45,1.0,191.326906832
2013-04-22,178.9,173.5,173.71,-0.030798,180.0,160.45,1.0,185.434420756
2013-04-23,174.98,171.7,171.81,-0.010938,180.0,160.45,1.0,183.406139061
2013-04-24,175.0,170.3,174.87,0.01781,180.0,160.45,1.0,186.672602398
2013-04-25,177.56,173.22,176.7,0.010465,180.0,160.45,1.0,188.626131182
2013-04-26,178.0,173.01,173.99,-0.015337,180.0,160.45,1.0,185.733172208
2013-05-02,173.05,169.03,171.11,-0.016553,180.0,160.45,1.0,182.658731009
2013-05-03,174.02,170.6,172.45,0.007831,180.0,160.45,1.0,184.089131531
2013-05-06,177.98,171.98,177.8,0.031023,180.0,160.45,1.0,189.800128659
2013-05-07,188.34,179.02,187.69,0.055624,188.34,160.45,1.0,200.357571015
2013-05-08,190.0,186.13,188.89,0.006394,190.0,160.45,1.0,201.638657324
2013-05-09,197.2,189.26,197.18,0.043888,197.2,162.7,1.0,210.488174717
2013-05-10,200.92,196.01,197.11,-0.000355,200.92,162.7,1.0,210.413451415
2013-05-13,201.6,193.77,197.68,0.002892,201.6,168.3,1.0,211.021967116
2013-05-14,197.1,190.01,191.19,-0.032831,201.6,168.5,1.0,204.093904914
2013-05-15,196.66,190.72,194.66,0.018149,201.6,169.03,1.0,207.798005194
2013-05-16,200.51,192.0,194.85,0.000976,201.6,169.03,1.0,208.000816047
2013-05-17,196.45,193.0,195.91,0.00544,201.6,169.03,1.0,209.132340487
2013-05-20,198.48,194.45,195.0,-0.004645,201.6,169.03,1.0,208.160920765
2013-05-21,195.76,193.51,195.02,0.000103,201.6,169.03,1.0,208.18236134
2013-05-22,200.6,195.1,199.47,0.022818,201.6,169.03,1.0,212.932666461
2013-05-23,206.49,199.6,202.44,0.014889,206.49,169.03,1.0,216.103020932
2013-05-24,207.17,200.0,200.93,-0.007459,207.17,169.03,1.0,214.491108499
2013-05-27,202.1,198.0,201.63,0.003484,207.17,169.03,1.0,215.238395521
2013-05-28,203.31,199.55,202.14,0.002529,207.17,169.03,1.0,215.782733423
2013-05-29,206.87,201.35,201.49,-0.003216,207.17,169.03,1.0,215.088776152
2013-05-30,202.82,199.01,200.25,-0.006154,207.17,170.6,1.0,213.765119824
2013-05-31,201.4,197.0,197.1,-0.01573,207.17,171.98,1.0,210.402594489
2013-06-03,202.55,197.18,202.08,0.025266,207.17,179.02,1.0,215.718626441
2013-06-04,205.3,201.65,201.7,-0.00188,207.17,186.13,1.0,215.313075424
2013-06-05,202.5,199.58,201.17,-0.002628,207.17,189.26,1.0,214.747232661
2013-06-06,204.8,201.21,201.66,0.002436,207.17,190.01,1.0,215.27035692
2013-06-07,200.0,193.51,196.26,0.005053,207.17,190.01,1.0,216.358118034
2013-06-13,198.48,192.01,194.71,-0.007898,207.17,190.01,1.0,214.649321617
2013-06-14,195.0,189.58,194.02,-0.003544,207.17,189.58,1.0,213.888604422
2013-06-17,194.98,189.21,189.48,-0.0234,207.17,189.21,1.0,208.883611078
2013-06-18,191.8,186.52,191.65,0.011452,207.17,186.52,0.0,208.883611078
2013-06-19,195.5,188.2,194.83,0.016593,207.17,186.52,0.0,208.883611078
2013-06-20,195.48,190.61,191.74,-0.01586,207.17,186.52,0.0,208.883611078
2013-06-21,195.88,187.5,191.17,-0.002973,207.17,186.52,0.0,208.883611078
2013-06-24,192.0,185.18,185.62,-0.029032,207.17,185.18,0.0,208.883611078
2013-06-25,190.3,176.03,189.84,0.022735,207.17,176.03,0.0,208.883611078
2013-06-26,189.82,184.78,188.72,-0.0059,206.87,176.03,0.0,208.883611078
2013-06-27,192.35,188.09,189.58,0.004557,206.87,176.03,0.0,208.883611078
2013-06-28,193.46,188.85,192.37,0.014717,206.87,176.03,0.0,208.883611078
2013-07-01,194.97,191.02,194.29,0.009981,205.3,176.03,0.0,208.883611078
2013-07-02,198.99,192.62,197.95,0.018838,205.3,176.03,0.0,208.883611078
2013-07-03,199.8,196.13,197.97,0.000101,205.3,176.03,0.0,208.883611078
2013-07-04,199.86,196.58,196.62,-0.006819,205.3,176.03,0.0,208.883611078
2013-07-05,199.37,196.9,197.12,0.002543,204.8,176.03,0.0,208.883611078
2013-07-08,197.89,193.0,195.16,-0.009943,204.8,176.03,0.0,208.883611078
2013-07-09,196.3,190.71,192.05,-0.015936,200.0,176.03,0.0,208.883611078
2013-07-10,194.1,188.89,193.84,0.00932,199.86,176.03,0.0,208.883611078
2013-07-11,196.5,192.03,195.97,0.010988,199.86,176.03,0.0,208.883611078
2013-07-12,196.77,188.7,188.81,-0.036536,199.86,176.03,0.0,208.883611078
2013-07-15,190.1,184.93,187.95,-0.004555,199.86,176.03,0.0,208.883611078
2013-07-16,191.28,185.5,190.95,0.015962,199.86,176.03,0.0,208.883611078
2013-07-17,190.79,186.81,186.92,-0.021105,199.86,176.03,0.0,208.883611078
2013-07-18,187.45,183.7,185.07,-0.009897,199.86,176.03,0.0,208.883611078
2013-07-19,185.01,174.53,176.01,-0.048954,199.86,174.53,0.0,208.883611078
2013-07-22,177.09,173.05,174.88,-0.00642,199.86,173.05,0.0,208.883611078
2013-07-23,180.29,174.98,179.59,0.026933,199.86,173.05,0.0,208.883611078
2013-07-24,179.4,173.1,174.62,-0.027674,199.86,173.05,0.0,208.883611078
2013-07-25,179.8,174.3,178.74,0.023594,199.86,173.05,0.0,208.883611078
2013-07-26,177.8,174.9,174.97,-0.021092,199.86,173.05,0.0,208.883611078
2013-07-29,174.28,171.0,171.32,-0.020861,199.86,171.0,0.0,208.883611078
2013-07-30,171.28,165.59,168.43,-0.016869,199.86,165.59,0.0,208.883611078
2013-07-31,171.2,167.7,168.5,0.000416,199.86,165.59,0.0,208.883611078
2013-08-01,172.5,169.06,171.89,0.020119,199.37,165.59,0.0,208.883611078
2013-08-02,178.16,172.69,176.03,0.024085,197.89,165.59,0.0,208.883611078
2013-08-05,176.77,173.9,175.5,-0.003011,196.77,165.59,0.0,208.883611078
2013-08-06,175.5,172.7,175.23,-0.001538,196.77,165.59,0.0,208.883611078
2013-08-07,178.66,173.73,176.38,0.006563,196.77,165.59,0.0,208.883611078
2013-08-08,177.36,174.4,175.16,-0.006917,196.77,165.59,0.0,208.883611078
2013-08-09,176.09,170.94,172.83,-0.013302,191.28,165.59,0.0,208.883611078
2013-08-12,178.43,172.51,178.31,0.031707,191.28,165.59,0.0,208.883611078
2013-08-13,180.5,176.5,179.95,0.009197,190.79,165.59,0.0,208.883611078
2013-08-14,182.34,178.4,178.69,-0.007002,187.45,165.59,0.0,208.883611078
2013-08-15,181.2,177.39,177.46,-0.006883,185.01,165.59,0.0,208.883611078
2013-08-16,181.0,174.05,174.4,-0.017243,182.34,165.59,0.0,208.883611078
2013-08-19,175.91,173.0,175.17,0.004415,182.34,165.59,0.0,208.883611078
2013-08-20,175.0,172.7,173.61,-0.008906,182.34,165.59,0.0,208.883611078
2013-08-21,175.15,172.4,174.69,0.006221,182.34,165.59,0.0,208.883611078
2013-08-22,176.68,174.02,175.08,0.002233,182.34,165.59,0.0,208.883611078
2013-08-23,175.98,171.5,172.99,-0.011937,182.34,165.59,0.0,208.883611078
2013-08-26,175.0,172.0,173.94,0.005492,182.34,165.59,0.0,208.883611078
2013-08-27,173.77,172.0,173.15,-0.004542,182.34,167.7,0.0,208.883611078
2013-08-28,172.17,169.57,169.9,-0.01877,182.34,169.06,0.0,208.883611078
2013-08-29,170.34,168.11,168.48,-0.008358,182.34,168.11,0.0,208.883611078
2013-08-30,169.0,167.55,168.78,0.001781,182.34,167.55,0.0,208.883611078
2013-09-02,160.8,151.9,151.92,-0.099893,182.34,151.9,0.0,208.883611078
2013-09-03,152.8,149.0,151.66,-0.001711,182.34,149.0,0.0,208.883611078
2013-09-04,153.55,151.6,152.1,0.002901,182.34,149.0,0.0,208.883611078
2013-09-05,152.8,149.3,150.27,-0.012032,182.34,149.0,0.0,208.883611078
2013-09-06,150.9,149.77,150.28,6.7e-05,182.34,149.0,0.0,208.883611078
2013-09-09,151.52,149.88,150.95,0.004458,182.34,149.0,0.0,208.883611078
2013-09-10,151.88,150.08,151.62,0.004439,182.34,149.0,0.0,208.883611078
2013-09-11,152.78,150.0,152.57,0.006266,181.2,149.0,0.0,208.883611078
2013-09-12,153.2,151.21,151.73,-0.005506,181.0,149.0,0.0,208.883611078
2013-09-13,154.48,151.65,152.02,0.001911,176.68,149.0,0.0,208.883611078
2013-09-16,152.62,149.59,149.65,-0.01559,176.68,149.0,0.0,208.883611078
2013-09-17,149.2,140.51,141.3,-0.055797,176.68,140.51,0.0,208.883611078
2013-09-18,142.38,139.5,141.9,0.004246,176.68,139.5,0.0,208.883611078
2013-09-23,142.0,140.05,140.81,-0.007681,175.98,139.5,0.0,208.883611078
2013-09-24,142.26,136.7,136.8,-0.028478,175.0,136.7,0.0,208.883611078
2013-09-25,137.5,133.02,135.16,-0.011988,173.77,133.02,0.0,208.883611078
2013-09-26,136.22,134.0,135.42,0.001924,172.17,133.02,0.0,208.883611078
2013-09-27,136.16,133.79,134.06,-0.010043,170.34,133.02,0.0,208.883611078
2013-09-30,136.31,133.52,135.94,0.014024,169.0,133.02,0.0,208.883611078
2013-10-08,137.4,134.19,136.67,0.00537,160.8,133.02,0.0,208.883611078
2013-10-09,137.4,135.8,136.99,0.002341,154.48,133.02,0.0,208.883611078
2013-10-10,137.38,136.25,137.04,0.000365,154.48,133.02,0.0,208.883611078
2013-10-11,137.83,135.3,137.52,0.003503,154.48,133.02,0.0,208.883611078
2013-10-14,139.73,137.32,139.65,0.015489,154.48,133.02,0.0,208.883611078
2013-10-15,144.8,139.08,144.25,0.032939,154.48,133.02,0.0,208.883611078
2013-10-16,147.7,142.1,144.24,-6.9e-05,154.48,133.02,0.0,208.883611078
2013-10-17,145.8,143.5,144.19,-0.000347,154.48,133.02,0.0,208.883611078
2013-10-18,144.91,142.0,142.98,-0.008392,154.48,133.02,0.0,208.883611078
2013-10-21,145.3,142.2,145.09,0.014757,154.48,133.02,0.0,208.883611078
2013-10-22,144.8,142.75,143.42,-0.01151,152.62,133.02,0.0,208.883611078
2013-10-23,144.68,142.21,143.69,0.001883,149.2,133.02,0.0,208.883611078
2013-10-24,143.97,142.7,143.71,0.000139,147.7,133.02,0.0,208.883611078
2013-10-25,143.01,135.6,136.73,-0.04857,147.7,133.02,0.0,208.883611078
2013-10-28,136.77,133.26,133.97,-0.020186,147.7,133.02,0.0,208.883611078
2013-10-29,134.66,131.5,132.8,-0.008733,147.7,131.5,0.0,208.883611078
2013-10-30,133.3,131.96,132.59,-0.001581,147.7,131.5,0.0,208.883611078
2013-10-31,136.51,132.5,135.11,0.019006,147.7,131.5,0.0,208.883611078
2013-11-01,135.84,133.8,135.18,0.000518,147.7,131.5,0.0,208.883611078
2013-11-04,136.97,135.27,136.34,0.008581,147.7,131.5,0.0,208.883611078
2013-11-05,138.39,134.7,138.11,0.012982,147.7,131.5,0.0,208.883611078
2013-11-06,141.01,137.5,139.65,0.011151,147.7,131.5,0.0,208.883611078
2013-11-07,139.88,136.7,138.97,-0.004869,147.7,131.5,0.0,208.883611078
2013-11-08,139.99,136.01,136.14,-0.020364,147.7,131.5,0.0,208.883611078
2013-11-11,141.68,136.18,139.55,0.025048,147.7,131.5,0.0,208.883611078
2013-11-12,145.35,139.05,144.84,0.037908,147.7,131.5,0.0,208.883611078
2013-11-13,146.45,143.1,144.72,-0.000829,146.45,131.5,0.0,208.883611078
2013-11-14,145.0,141.69,144.07,-0.004491,146.45,131.5,0.0,208.883611078
2013-11-15,144.62,142.1,143.44,-0.004373,146.45,131.5,0.0,208.883611078
2013-11-18,144.86,142.8,143.49,0.000349,146.45,131.5,0.0,208.883611078
2013-11-19,144.2,141.3,142.82,-0.004669,146.45,131.5,0.0,208.883611078
2013-11-20,142.92,141.4,142.06,-0.005321,146.45,131.5,0.0,208.883611078
2013-11-21,142.29,138.55,138.66,-0.023934,146.45,131.5,0.0,208.883611078
2013-11-22,139.35,137.98,138.47,-0.00137,146.45,131.5,0.0,208.883611078
2013-11-25,141.86,137.52,140.93,0.017766,146.45,131.5,0.0,208.883611078
2013-11-26,141.84,139.78,139.98,-0.006741,146.45,131.96,0.0,208.883611078
2013-11-27,141.19,138.6,139.95,-0.000214,146.45,132.5,0.0,208.883611078
2013-11-28,142.65,139.98,141.83,0.013433,146.45,133.8,0.0,208.883611078
2013-11-29,141.65,139.92,141.44,-0.00275,146.45,134.7,0.0,208.883611078
2013-12-02,140.27,136.5,136.78,-0.032947,146.45,134.7,0.0,208.883611078
2013-12-03,137.92,135.34,137.58,0.005849,146.45,135.34,0.0,208.883611078
2013-12-04,139.02,136.57,138.48,0.006542,146.45,135.34,0.0,208.883611078
2013-12-05,138.44,136.95,136.99,-0.01076,146.45,135.34,0.0,208.883611078
2013-12-06,139.1,136.0,138.75,0.012848,146.45,135.34,0.0,208.883611078
2013-12-09,138.7,136.0,137.94,-0.005838,146.45,135.34,0.0,208.883611078
2013-12-10,137.9,136.2,136.95,-0.007177,146.45,135.34,0.0,208.883611078
2013-12-11,137.6,136.17,136.39,-0.004089,145.0,135.34,0.0,208.883611078
2013-12-12,137.34,136.2,136.4,7.3e-05,144.86,135.34,0.0,208.883611078
2013-12-13,137.39,136.22,136.4,0.0,144.86,135.34,0.0,208.883611078
2013-12-16,136.42,132.87,132.97,-0.025147,144.2,132.87,0.0,208.883611078
2013-12-17,134.73,132.4,133.21,0.001805,142.92,132.4,0.0,208.883611078
2013-12-18,133.5,132.31,132.49,-0.005405,142.65,132.31,0.0,208.883611078
2013-12-19,133.4,131.1,131.15,-0.010114,142.65,131.1,0.0,208.883611078
2013-12-20,131.75,126.0,126.65,-0.034312,142.65,126.0,0.0,208.883611078
2013-12-23,127.64,126.12,126.51,-0.001105,142.65,126.0,0.0,208.883611078
2013-12-24,127.7,126.38,126.61,0.00079,142.65,126.0,0.0,208.883611078
2013-12-25,127.37,125.89,126.26,-0.002764,142.65,125.89,0.0,208.883611078
2013-12-26,126.23,124.14,124.74,-0.012039,141.65,124.14,0.0,208.883611078
2013-12-27,127.23,124.74,126.2,0.011704,140.27,124.14,0.0,208.883611078
2013-12-30,126.98,123.99,124.46,-0.013788,139.1,123.99,0.0,208.883611078
2013-12-31,129.31,122.5,128.38,0.031496,139.1,122.5,0.0,208.883611078
2014-01-02,127.99,125.6,125.98,-0.018695,139.1,122.5,0.0,208.883611078
2014-01-03,125.8,123.23,123.98,-0.015876,139.1,122.5,0.0,208.883611078
2014-01-06,124.9,120.7,120.73,-0.026214,138.7,120.7,0.0,208.883611078
2014-01-07,121.35,119.2,120.56,-0.001408,137.9,119.2,0.0,208.883611078
2014-01-08,121.18,118.01,119.4,-0.009622,137.6,118.01,0.0,208.883611078
2014-01-09,121.8,118.6,119.34,-0.000503,137.39,118.01,0.0,208.883611078
2014-01-10,120.43,118.05,119.27,-0.000587,137.39,118.01,0.0,208.883611078
2014-01-13,122.32,119.08,119.89,0.005198,136.42,118.01,0.0,208.883611078
2014-01-14,121.79,118.9,121.31,0.011844,134.73,118.01,0.0,208.883611078
2014-01-15,121.15,118.05,118.76,-0.021021,133.5,118.01,0.0,208.883611078
2014-01-16,122.45,118.74,121.99,0.027198,133.4,118.01,0.0,208.883611078
2014-01-17,122.65,120.12,120.3,-0.013854,131.75,118.01,0.0,208.883611078
2014-01-20,127.3,121.02,126.79,0.053948,129.31,118.01,0.0,208.883611078
2014-01-21,128.71,125.35,126.99,0.001577,129.31,118.01,0.0,208.883611078
2014-01-22,134.81,126.3,134.17,0.05654,134.81,118.01,0.0,208.883611078
2014-01-23,135.4,131.76,134.09,-0.000596,135.4,118.01,1.0,208.759116446
2014-01-24,135.69,132.51,135.5,0.010515,135.69,118.01,1.0,210.954218555
2014-01-27,143.78,134.66,140.75,0.038745,143.78,118.01,1.0,219.127639753
2014-01-28,142.0,137.5,139.22,-0.01087,143.78,118.01,1.0,216.745722309
2014-01-29,141.06,136.49,137.01,-0.015874,143.78,118.01,1.0,213.305100713
2014-01-30,136.95,131.0,132.2,-0.035107,143.78,118.01,1.0,205.816598543
2014-02-07,134.62,131.06,133.89,0.012784,143.78,118.01,1.0,208.447757938
2014-02-10,134.4,130.86,132.86,-0.007693,143.78,118.01,1.0,206.844169337
2014-02-11,135.58,132.1,134.04,0.008882,143.78,118.01,1.0,208.681359249
2014-02-12,134.97,133.31,134.15,0.000821,143.78,118.05,1.0,208.852686644
2014-02-13,138.39,134.01,135.67,0.011331,143.78,118.05,1.0,211.219196437
2014-02-14,143.0,135.39,142.9,0.053291,143.78,118.05,1.0,222.475278634
2014-02-17,150.99,144.1,149.98,0.049545,150.99,118.05,1.0,233.497816314
2014-02-18,149.44,146.12,147.01,-0.019803,150.99,118.05,1.0,228.873859058
2014-02-19,151.98,147.05,149.53,0.017142,151.98,118.74,1.0,232.79721475
2014-02-20,151.58,148.0,148.99,-0.003611,151.98,120.12,1.0,231.956584007
2014-02-21,150.15,147.78,149.08,0.000604,151.98,121.02,1.0,232.096685784
2014-02-24,151.08,145.61,147.62,-0.009793,151.98,125.35,1.0,229.82376294
2014-02-25,148.4,141.0,142.37,-0.035564,151.98,126.3,1.0,221.650310635
2014-02-26,144.98,139.05,142.03,-0.002388,151.98,130.86,1.0,221.121009693
2014-02-27,145.79,140.02,144.95,0.020559,151.98,130.86,1.0,225.667036531
2014-02-28,150.8,144.95,150.02,0.034978,151.98,130.86,1.0,233.560418135
2014-03-03,154.99,148.33,154.93,0.032729,154.99,130.86,1.0,241.20461706
2014-03-04,159.29,152.0,153.4,-0.009875,159.29,130.86,1.0,238.822721467
2014-03-05,159.99,152.0,159.84,0.041982,159.99,130.86,1.0,248.848976959
2014-03-06,162.3,157.0,162.0,0.013514,162.3,130.86,1.0,252.211922034
2014-03-07,167.2,160.04,165.49,0.021543,167.2,130.86,1.0,257.64532347
2014-03-10,165.8,154.03,156.94,-0.051665,167.2,132.1,1.0,244.334077833
2014-03-11,163.6,155.1,162.18,0.033389,167.2,133.31,1.0,252.492148358
2014-03-12,163.6,155.78,158.53,-0.022506,167.2,134.01,1.0,246.809560067
2014-03-13,165.1,157.11,164.87,0.039992,167.2,135.39,1.0,256.679967993
2014-03-14,166.0,161.8,163.87,-0.006065,167.2,139.05,1.0,255.123203987
2014-03-17,166.66,162.01,166.47,0.015866,167.2,139.05,1.0,259.170988742
2014-03-18,176.2,168.3,171.32,0.029134,176.2,139.05,1.0,266.721676328
2014-03-19,175.0,169.0,174.37,0.017803,176.2,139.05,1.0,271.470122332
2014-03-20,174.5,169.0,169.18,-0.029764,176.2,139.05,1.0,263.390085611
2014-03-21,171.98,165.5,171.4,0.013122,176.2,139.05,1.0,266.846290314
2014-03-24,175.73,169.9,171.29,-0.000642,176.2,139.05,1.0,266.674974996
2014-03-25,168.4,155.59,166.81,-0.026154,176.2,139.05,1.0,259.700357699
2014-03-26,166.11,158.36,158.49,-0.049877,176.2,140.02,1.0,246.747282958
2014-03-27,160.8,156.4,157.66,-0.005237,176.2,144.95,1.0,245.455067438
2014-03-28,158.99,151.01,152.64,-0.031841,176.2,148.33,1.0,237.639532635
2014-03-31,157.38,152.0,154.7,0.013496,176.2,151.01,1.0,240.846715768
2014-04-01,162.55,154.4,162.49,0.050356,176.2,151.01,1.0,252.974792987
2014-04-02,169.66,161.03,165.64,0.019386,176.2,151.01,1.0,257.878962324
2014-04-03,167.69,163.5,165.31,-0.001992,176.2,151.01,1.0,257.365267431
2014-04-04,165.3,161.0,164.06,-0.007562,176.2,151.01,1.0,255.419071279
2014-04-08,165.42,161.01,164.54,0.002926,176.2,151.01,1.0,256.166427481
2014-04-09,166.63,162.13,163.35,-0.007232,176.2,151.01,1.0,254.313831878
2014-04-10,171.02,159.5,169.51,0.03771,176.2,151.01,1.0,263.904006478
2014-04-11,179.6,172.0,176.08,0.038759,179.6,151.01,1.0,274.132661865
2014-04-14,177.31,173.0,174.36,-0.009768,179.6,151.01,1.0,271.454934024
2014-04-15,175.87,173.2,174.49,0.000746,179.6,151.01,1.0,271.657439404
2014-04-16,174.56,170.19,171.02,-0.019887,179.6,151.01,1.0,266.254987907
2014-04-17,176.0,170.21,175.2,0.024442,179.6,151.01,1.0,272.762792321
2014-04-18,177.77,173.3,175.31,0.000628,179.6,151.01,1.0,272.934087355
2014-04-21,175.98,172.0,172.05,-0.018596,179.6,151.01,1.0,267.858605067
2014-04-22,175.13,171.52,172.13,0.000465,179.6,151.01,1.0,267.983159318
2014-04-23,176.49,172.03,176.06,0.022832,179.6,151.01,1.0,274.101750811
2014-04-24,176.71,173.7,175.76,-0.001704,179.6,151.01,1.0,273.634681428
2014-04-25,168.0,161.79,164.69,-0.062984,179.6,151.01,1.0,256.400074653
2014-04-28,164.56,159.81,162.79,-0.011537,179.6,152.0,1.0,253.441986992
2014-04-29,165.48,162.47,163.59,0.004914,179.6,154.4,1.0,254.687400916
2014-04-30,164.29,162.53,163.88,0.001773,179.6,159.5,1.0,255.138961678
2014-05-05,163.5,157.08,160.25,-0.02215,179.6,157.08,1.0,249.487633677
2014-05-06,162.7,160.0,160.79,0.00337,179.6,157.08,1.0,250.328407002
2014-05-07,161.61,159.6,160.66,-0.000809,179.6,157.08,1.0,250.125891321
2014-05-08,162.49,160.42,160.67,6.2e-05,179.6,157.08,1.0,250.141399126
2014-05-09,162.3,160.3,160.62,-0.000311,179.6,157.08,1.0,250.063605151
2014-05-12,162.3,159.5,160.91,0.001806,179.6,157.08,1.0,250.515220022
2014-05-13,161.61,159.56,160.74,-0.001056,177.77,157.08,1.0,250.250675949
2014-05-14,160.93,154.01,155.27,-0.03403,177.77,154.01,1.0,241.734645447
2014-05-15,157.08,154.5,156.15,0.005668,177.77,154.01,0.0,241.734645447
2014-05-16,157.1,154.67,155.16,-0.00634,177.77,154.01,0.0,241.734645447
2014-05-19,153.0,147.94,147.98,-0.046275,177.77,147.94,0.0,241.734645447
2014-05-20,149.44,143.6,144.98,-0.020273,176.71,143.6,0.0,241.734645447
2014-05-21,151.66,143.95,151.0,0.041523,176.71,143.6,0.0,241.734645447
2014-05-22,153.6,149.65,150.05,-0.006291,176.71,143.6,0.0,241.734645447
2014-05-23,152.78,149.98,152.3,0.014995,176.71,143.6,0.0,241.734645447
2014-05-26,154.9,152.85,153.57,0.008339,168.0,143.6,0.0,241.734645447
2014-05-27,155.75,152.86,153.2,-0.002409,165.48,143.6,0.0,241.734645447
2014-05-28,155.0,152.8,153.94,0.00483,165.48,143.6,0.0,241.734645447
2014-05-29,155.93,153.46,154.29,0.002274,164.29,143.6,0.0,241.734645447
2014-05-30,155.28,153.02,153.22,-0.006935,163.5,143.6,0.0,241.734645447
2014-06-03,154.5,152.25,152.77,-0.002937,162.7,143.6,0.0,241.734645447
2014-06-04,153.38,150.02,151.15,-0.010604,162.49,143.6,0.0,241.734645447
2014-06-05,155.0,149.33,154.77,0.02395,162.49,143.6,0.0,241.734645447
2014-06-06,155.65,152.29,153.59,-0.007624,162.3,143.6,0.0,241.734645447
2014-06-09,154.4,152.3,153.23,-0.002344,162.3,143.6,0.0,241.734645447
2014-06-10,155.29,153.25,154.8,0.010246,161.61,143.6,0.0,241.734645447
2014-06-11,155.38,153.21,153.94,-0.005556,160.93,143.6,0.0,241.734645447
2014-06-12,154.07,152.12,152.63,-0.00851,157.1,143.6,0.0,241.734645447
2014-06-13,153.83,151.16,152.81,0.001179,157.1,143.6,0.0,241.734645447
2014-06-16,154.78,152.4,154.42,0.010536,155.93,143.6,0.0,241.734645447
2014-06-17,154.3,152.2,153.19,-0.007965,155.93,143.6,0.0,241.734645447
2014-06-18,154.45,153.4,153.58,0.002546,155.93,143.95,0.0,241.734645447
2014-06-19,154.2,152.5,152.73,-0.005535,155.93,149.33,0.0,241.734645447
2014-06-20,153.6,152.32,153.18,0.002946,155.93,149.33,0.0,241.734645447
2014-06-23,156.38,153.36,156.31,0.020433,156.38,149.33,0.0,241.734645447
2014-06-24,163.8,156.55,163.57,0.046446,163.8,149.33,1.0,252.962252789
2014-06-25,145.33,141.5,142.23,-0.01677,163.8,141.5,1.0,248.72007581
2014-06-26,142.98,141.41,141.64,-0.004148,163.8,141.41,0.0,248.72007581
2014-06-27,141.42,139.22,140.38,-0.008896,163.8,139.22,0.0,248.72007581
2014-06-30,142.89,140.4,141.98,0.011398,163.8,139.22,0.0,248.72007581
2014-07-01,142.59,140.8,141.77,-0.001479,163.8,139.22,0.0,248.72007581
2014-07-02,142.35,141.0,142.08,0.002187,163.8,139.22,0.0,248.72007581
2014-07-03,143.4,141.4,143.26,0.008305,163.8,139.22,0.0,248.72007581
2014-07-04,144.18,142.72,143.32,0.000419,163.8,139.22,0.0,248.72007581
2014-07-07,144.28,142.21,144.16,0.005861,163.8,139.22,0.0,248.72007581
2014-07-08,144.17,141.02,142.18,-0.013735,163.8,139.22,0.0,248.72007581
2014-07-09,142.87,141.02,141.24,-0.006611,163.8,139.22,0.0,248.72007581
2014-07-10,141.83,140.6,141.04,-0.001416,163.8,139.22,0.0,248.72007581
2014-07-11,143.09,141.12,141.87,0.005885,163.8,139.22,0.0,248.72007581
2014-07-14,150.89,141.5,149.77,0.055685,163.8,139.22,0.0,248.72007581
2014-07-15,158.0,149.11,153.81,0.026975,163.8,139.22,0.0,248.72007581
2014-07-16,156.78,153.85,154.57,0.004941,163.8,139.22,0.0,248.72007581
2014-07-17,155.55,152.0,153.75,-0.005305,163.8,139.22,0.0,248.72007581
2014-07-18,165.0,152.7,160.98,0.047024,165.0,139.22,0.0,248.72007581
2014-07-21,162.88,158.59,160.98,0.0,165.0,139.22,0.0,248.72007581
2014-07-22,164.0,159.6,163.2,0.013791,165.0,139.22,0.0,248.72007581
2014-07-23,165.0,161.6,163.89,0.004228,165.0,139.22,0.0,248.72007581
2014-07-24,169.1,162.3,163.53,-0.002197,169.1,139.22,0.0,248.72007581
2014-07-25,166.05,161.06,163.88,0.00214,169.1,140.4,0.0,248.72007581
2014-07-28,167.99,162.92,164.25,0.002258,169.1,140.6,0.0,248.72007581
2014-07-29,164.3,160.26,161.06,-0.019422,169.1,140.6,0.0,248.72007581
2014-07-30,160.74,156.5,158.51,-0.015833,169.1,140.6,0.0,248.72007581
2014-07-31,160.38,156.96,160.27,0.011103,169.1,140.6,0.0,248.72007581
2014-08-01,164.3,159.62,162.98,0.016909,169.1,140.6,0.0,248.72007581
2014-08-04,165.62,162.29,164.4,0.008713,169.1,140.6,0.0,248.72007581
2014-08-05,166.66,161.67,166.25,0.011253,169.1,140.6,0.0,248.72007581
2014-08-06,165.78,162.0,163.32,-0.017624,169.1,140.6,0.0,248.72007581
2014-08-07,164.39,160.5,160.6,-0.016654,169.1,141.12,0.0,248.72007581
2014-08-08,163.33,159.8,162.14,0.009589,169.1,141.5,0.0,248.72007581
2014-08-11,163.2,161.51,163.07,0.005736,169.1,149.11,0.0,248.72007581
2014-08-12,162.75,160.15,162.04,-0.006316,169.1,152.0,0.0,248.72007581
2014-08-13,164.78,160.8,162.49,0.002777,169.1,152.0,0.0,248.72007581
2014-08-14,163.44,161.28,161.46,-0.006339,169.1,152.7,0.0,248.72007581
2014-08-15,162.49,161.13,161.54,0.000495,169.1,156.5,0.0,248.72007581
2014-08-18,162.3,159.1,159.75,-0.011081,169.1,156.5,0.0,248.72007581
2014-08-19,159.75,158.45,158.68,-0.006698,169.1,156.5,0.0,248.72007581
2014-08-20,162.06,158.5,162.0,0.020923,169.1,156.5,0.0,248.72007581
2014-08-21,162.32,159.0,159.97,-0.012531,167.99,156.5,0.0,248.72007581
2014-08-22,160.39,158.75,159.27,-0.004376,167.99,156.5,0.0,248.72007581
2014-08-25,160.15,158.3,158.75,-0.003265,166.66,156.5,0.0,248.72007581
2014-08-26,159.42,156.96,157.72,-0.006488,166.66,156.5,0.0,248.72007581
2014-08-27,157.78,156.18,156.37,-0.008559,166.66,156.18,0.0,248.72007581
2014-08-28,158.36,156.0,156.02,-0.002238,166.66,156.0,0.0,248.72007581
2014-08-29,158.59,155.0,158.23,0.014165,166.66,155.0,0.0,248.72007581
2014-09-01,159.5,157.71,158.45,0.00139,166.66,155.0,0.0,248.72007581
2014-09-02,162.64,158.03,162.56,0.025939,165.78,155.0,0.0,248.72007581
2014-09-03,167.42,162.56,164.82,0.013903,167.42,155.0,0.0,248.72007581
2014-09-04,165.94,163.68,165.06,0.001456,167.42,155.0,0.0,248.72007581
2014-09-05,168.16,165.21,167.51,0.014843,168.16,155.0,0.0,248.72007581
2014-09-09,167.97,164.0,164.08,-0.020476,168.16,155.0,1.0,243.627283538
2014-09-10,165.0,163.01,163.91,-0.001036,168.16,155.0,1.0,243.374885672
2014-09-11,164.82,161.48,161.98,-0.011775,168.16,155.0,1.0,240.509146393
2014-09-12,162.65,160.32,162.45,0.002902,168.16,155.0,1.0,241.207103936
2014-09-15,161.91,158.8,159.41,-0.018713,168.16,155.0,1.0,236.6933954
2014-09-16,160.6,157.02,157.46,-0.012233,168.16,155.0,1.0,233.797925094
2014-09-17,159.54,157.34,158.23,0.00489,168.16,155.0,1.0,234.941196948
2014-09-18,159.38,157.08,159.25,0.006446,168.16,155.0,1.0,236.455627903
2014-09-19,160.98,158.5,160.85,0.010047,168.16,155.0,1.0,238.831297597
2014-09-22,160.71,156.84,156.94,-0.024308,168.16,155.0,1.0,233.025786415
2014-09-23,157.5,156.36,157.48,0.003441,168.16,155.0,1.0,233.827628146
2014-09-24,160.5,155.6,160.19,0.017209,168.16,155.0,1.0,237.851567799
2014-09-25,163.98,160.9,162.19,0.012485,168.16,155.0,1.0,240.821144623
2014-09-26,163.12,159.2,162.31,0.00074,168.16,155.0,1.0,240.99935227
2014-09-29,163.2,161.39,162.47,0.000986,168.16,155.6,1.0,241.236977631
2014-09-30,162.99,161.2,162.13,-0.002093,168.16,155.6,1.0,240.732068637
2014-10-08,161.1,157.8,160.73,-0.008635,168.16,155.6,1.0,238.653347224
2014-10-09,160.25,158.58,160.01,-0.00448,168.16,155.6,1.0,237.584180229
2014-10-10,159.8,157.7,159.02,-0.006187,168.16,155.6,1.0,236.114246906
2014-10-13,157.88,153.68,156.1,-0.018362,167.97,153.68,1.0,231.778717104
2014-10-14,156.99,154.44,154.91,-0.007623,165.0,153.68,1.0,230.011867943
2014-10-15,157.58,154.71,157.32,0.015557,164.82,153.68,1.0,233.590162573
2014-10-16,158.19,156.1,157.32,0.0,163.98,153.68,1.0,233.590162573
2014-10-17,159.05,156.9,158.38,0.006738,163.98,153.68,1.0,235.164093088
2014-10-20,158.5,156.4,156.92,-0.009218,163.98,153.68,1.0,232.996350478
2014-10-21,159.34,156.6,158.46,0.009814,163.98,153.68,1.0,235.282976662
2014-10-22,159.46,157.5,159.08,0.003913,163.98,153.68,1.0,236.20363895
2014-10-23,160.28,157.89,159.05,-0.000189,163.98,153.68,1.0,236.158996462
2014-10-24,159.89,157.69,158.88,-0.001069,163.98,153.68,1.0,235.906542495
2014-10-27,159.1,154.89,157.5,-0.008686,163.98,153.68,1.0,233.857458267
2014-10-28,159.1,157.18,158.74,0.007873,163.98,153.68,1.0,235.698618035
2014-10-29,159.56,157.48,158.3,-0.002772,163.98,153.68,1.0,235.045261466
2014-10-30,158.0,155.1,155.42,-0.018193,163.2,153.68,1.0,230.769083024
2014-10-31,156.9,154.35,156.68,0.008107,163.2,153.68,1.0,232.63992798
2014-11-03,156.88,155.45,155.58,-0.007021,162.99,153.68,1.0,231.006563046
2014-11-04,155.49,151.0,151.39,-0.026931,161.1,151.0,1.0,224.785325297
2014-11-05,151.05,145.5,146.15,-0.034613,160.28,145.5,0.0,224.785325297
2014-11-06,147.49,146.01,147.15,0.006842,160.28,145.5,0.0,224.785325297
2014-11-07,148.3,147.11,148.04,0.006048,160.28,145.5,0.0,224.785325297
2014-11-10,153.78,149.0,153.77,0.038706,160.28,145.5,0.0,224.785325297
2014-11-11,155.2,152.01,153.35,-0.002731,160.28,145.5,0.0,224.785325297
2014-11-12,153.59,150.2,152.89,-0.003,160.28,145.5,0.0,224.785325297
2014-11-13,152.73,149.68,151.58,-0.008568,160.28,145.5,0.0,224.785325297
2014-11-14,157.63,150.91,157.29,0.03767,160.28,145.5,0.0,224.785325297
2014-11-17,168.0,160.0,160.05,0.017547,168.0,145.5,0.0,224.785325297
2014-11-18,161.82,155.0,155.65,-0.027491,168.0,145.5,0.0,224.785325297
2014-11-19,155.65,152.61,153.07,-0.016576,168.0,145.5,0.0,224.785325297
2014-11-20,152.92,150.49,150.68,-0.015614,168.0,145.5,0.0,224.785325297
2014-11-21,153.2,150.2,153.13,0.01626,168.0,145.5,0.0,224.785325297
2014-11-24,155.0,152.0,153.95,0.005355,168.0,145.5,0.0,224.785325297
2014-11-25,154.85,152.8,154.64,0.004482,168.0,145.5,0.0,224.785325297
2014-11-26,156.36,153.89,155.95,0.008471,168.0,145.5,0.0,224.785325297
2014-11-27,157.22,154.0,156.68,0.004681,168.0,145.5,0.0,224.785325297
2014-11-28,156.57,153.17,155.84,-0.005361,168.0,145.5,0.0,224.785325297
2014-12-01,161.0,156.0,160.06,0.027079,168.0,145.5,0.0,224.785325297
2014-12-02,161.2,158.25,161.14,0.006747,168.0,145.5,0.0,224.785325297
2014-12-03,168.3,162.36,164.83,0.022899,168.3,146.01,0.0,224.785325297
2014-12-04,174.5,166.5,174.13,0.056422,174.5,147.11,0.0,224.785325297
2014-12-05,178.96,168.6,170.92,-0.018435,178.96,149.0,1.0,220.641407825
2014-12-08,176.49,167.2,172.97,0.011994,178.96,149.68,1.0,223.28778087
2014-12-09,186.62,171.5,172.86,-0.000636,186.62,149.68,1.0,223.145769842
2014-12-10,183.5,175.0,179.92,0.040842,186.62,149.68,1.0,232.259489374
2014-12-11,181.94,175.29,175.89,-0.022399,186.62,150.2,1.0,227.057109071
2014-12-12,180.99,176.0,176.59,0.00398,186.62,150.2,1.0,227.960796365
2014-12-15,184.1,175.43,184.04,0.042188,186.62,150.2,1.0,237.578006442
2014-12-16,183.7,178.11,180.63,-0.018529,186.62,150.2,1.0,233.175923561
2014-12-17,181.45,177.8,179.07,-0.008636,186.62,150.2,1.0,231.162216285
2014-12-18,182.2,179.0,179.34,0.001508,186.62,150.2,1.0,231.510808907
2014-12-19,181.98,178.0,180.82,0.008252,186.62,152.0,1.0,233.421236102
2014-12-22,184.29,175.88,184.1,0.01814,186.62,152.8,1.0,237.655497325
2014-12-23,193.49,182.01,188.86,0.025856,193.49,153.17,1.0,243.800317864
2014-12-24,191.8,180.68,183.06,-0.030711,193.49,153.17,1.0,236.312966302
2014-12-25,186.0,181.01,185.83,0.015132,193.49,153.17,1.0,239.888854108
2014-12-26,189.0,183.0,187.57,0.009363,193.49,156.0,1.0,242.134933449
2014-12-29,190.0,182.0,183.48,-0.021805,193.49,158.25,1.0,236.855181225
2014-12-30,187.98,182.48,186.84,0.018313,193.49,162.36,1.0,241.192710159
2014-12-31,190.0,185.0,189.62,0.014879,193.49,166.5,1.0,244.781416494
