date,open,high,close,price_change,p_change,涨跌幅2,复权因子,收盘价_后复权,开盘价_后复权,最高价_后复权
2016-06-13,22.210000000000001,22.210000000000001,20.690000000000001,-1.620000000000000,-7.260000000000000,,0.927400000000000,20.690000000000001,22.210000000000001,22.210000000000001
2016-06-14,20.579999999999998,21.180000000000000,20.760000000000002,0.070000000000000,0.340000000000000,0.070000000000000,0.930553160000000,20.760346000000002,20.580342999999999,21.180353000000000
2016-06-15,20.350000000000001,22.289999999999999,21.809999999999999,1.050000000000000,5.060000000000000,1.049999999999997,0.977639149896000,21.810819507600002,20.350764648310872,22.290837543530674
2016-06-16,21.680000000000000,22.879999999999999,21.980000000000000,0.170000000000000,0.780000000000000,0.170000000000002,0.985264735265189,21.980943899759282,21.680931016687044,22.880982548975993
2016-06-17,22.000000000000000,22.480000000000000,21.730000000000000,-0.250000000000000,-1.140000000000000,-0.250000000000000,0.974032717283166,21.730361139302026,22.000365626536794,22.480373603843056
2016-06-20,21.780000000000001,21.949999999999999,21.559999999999999,-0.170000000000000,-0.780000000000000,-0.170000000000002,0.966435262088357,21.560864322415469,21.780873142031957,21.950879957190146
2016-06-21,21.760000000000002,21.949999999999999,21.280000000000001,-0.280000000000000,-1.300000000000000,-0.279999999999998,0.953871603681208,21.280573086224070,21.760586012981001,21.950591129822289
2016-06-22,21.160000000000000,21.649999999999999,21.640000000000001,0.360000000000000,1.690000000000000,0.359999999999999,0.969992033783421,21.640214771381252,21.160210007505881,21.650214870628655
2016-06-23,21.640000000000001,21.930000000000000,21.629999999999999,-0.010000000000000,-0.050000000000000,-0.010000000000002,0.969507037766529,21.629394663995562,21.639394384136107,21.929386268211868
2016-06-24,21.559999999999999,21.760000000000002,21.120000000000001,-0.510000000000000,-2.360000000000000,-0.509999999999998,0.946626671675239,21.118940949925268,21.558918886382042,21.758908857498760
2016-06-27,21.000000000000000,21.859999999999999,21.680000000000000,0.560000000000000,2.650000000000000,0.559999999999999,0.971712278474633,21.678592885098286,20.998637019698524,21.858581202409990
2016-06-28,21.600000000000001,21.850000000000001,21.809999999999999,0.130000000000000,0.600000000000000,0.129999999999999,0.977542552145480,21.808664442408876,21.598677301973030,21.848661992968086
2016-06-29,22.010000000000002,22.129999999999999,21.850000000000001,0.040000000000000,0.180000000000000,0.040000000000003,0.979302128739342,21.847920038405210,22.007904807565158,22.127893384435115
2016-06-30,21.730000000000000,22.070000000000000,21.690000000000001,-0.160000000000000,-0.730000000000000,-0.160000000000000,0.972153223199545,21.688430222124854,21.728427327191014,22.068402720253367
2016-07-01,21.899999999999999,21.989999999999998,21.690000000000001,0.000000000000000,0.000000000000000,0.000000000000000,0.972153223199545,21.688430222124854,21.898415023722190,21.988408510121047
2016-07-04,21.590000000000000,22.010000000000002,21.980000000000000,0.290000000000000,1.340000000000000,0.289999999999999,0.985180076390419,21.979055187101327,21.589071951297438,22.009053897547780
2016-07-05,21.980000000000000,22.340000000000000,22.070000000000000,0.090000000000000,0.410000000000000,0.090000000000000,0.989219314703620,22.069169313368441,21.979172700853571,22.339159150913048
2016-07-06,22.070000000000000,22.070000000000000,21.800000000000001,-0.270000000000000,-1.220000000000000,-0.270000000000000,0.977150839064236,21.799925447745348,22.069924524391737,22.069924524391737
2016-07-07,21.890000000000001,22.489999999999998,22.219999999999999,0.420000000000000,1.930000000000000,0.419999999999998,0.996009850258175,22.220664008886835,21.890654147368718,22.490672077401662
2016-07-08,22.280000000000001,22.440000000000001,22.100000000000001,-0.120000000000000,-0.540000000000000,-0.119999999999997,0.990631397066781,22.100672423238848,22.280677899989207,22.440682768211751
2016-07-11,22.199999999999999,22.219999999999999,21.730000000000000,-0.370000000000000,-1.670000000000000,-0.370000000000001,0.974087852735766,21.731591193770758,22.201625609834824,22.221627074348191
2016-07-12,21.770000000000000,21.940000000000001,21.809999999999999,0.080000000000000,0.370000000000000,0.079999999999998,0.977691977790888,21.811998081187710,21.771994416664668,21.942009990887595
2016-07-13,21.809999999999999,22.160000000000000,21.960000000000001,0.150000000000000,0.690000000000000,0.150000000000002,0.984438052437645,21.962500867947902,21.812483785516562,22.162523644523016
2016-07-14,21.910000000000000,22.500000000000000,22.289999999999999,0.330000000000000,1.500000000000000,0.329999999999998,0.999204623224210,22.291938380967121,21.911905335441439,22.501956642968157
2016-07-15,22.289999999999999,22.359999999999999,21.910000000000000,-0.380000000000000,-1.710000000000000,-0.379999999999999,0.982118224167076,21.910746234652581,22.290759177106619,22.360761561242889
2016-07-18,21.920000000000002,22.050000000000001,21.850000000000001,-0.060000000000000,-0.270000000000000,-0.059999999999999,0.979466504961825,21.851587219819020,21.921592304733771,22.051601748146883
2016-07-19,21.800000000000001,21.940000000000001,21.920000000000002,0.070000000000000,0.320000000000000,0.070000000000000,0.982600797777703,21.921512298922444,21.801504019913743,21.941513678757229
2016-07-20,22.199999999999999,23.750000000000000,22.609999999999999,0.690000000000000,3.150000000000000,0.689999999999998,1.013552722907701,22.612039936338501,22.202002945011706,23.752142790271535
2016-07-21,22.510000000000002,22.859999999999999,22.559999999999999,-0.050000000000000,-0.220000000000000,-0.050000000000001,1.011322906917304,22.562293448478556,22.512288365481044,22.862323946463643
2016-07-22,22.460000000000001,22.750000000000000,22.469999999999999,-0.090000000000000,-0.400000000000000,-0.090000000000000,1.007277615289635,22.472044274684645,22.462043364905082,22.752069748512490
2016-07-25,22.489999999999998,22.980000000000000,22.770000000000000,0.300000000000000,1.330000000000000,0.300000000000001,1.020674407572987,22.770922463537950,22.490911120112798,22.980930971106812
2016-07-26,22.809999999999999,23.379999999999999,22.960000000000001,0.190000000000000,0.830000000000000,0.190000000000001,1.029146005155843,22.959921119985317,22.809921635316421,23.379919677058218
2016-07-27,22.960000000000001,23.090000000000000,21.500000000000000,-1.460000000000000,-6.360000000000000,-1.460000000000001,0.963692319227931,21.499670136754251,22.959647736738493,23.089645742216540
2016-07-28,21.460000000000001,21.680000000000000,21.079999999999998,-0.420000000000000,-1.950000000000000,-0.420000000000002,0.944900319002986,21.080426569087543,21.460434258663124,21.680438710522672
2016-07-29,21.109999999999999,21.289999999999999,20.780000000000001,-0.300000000000000,-1.420000000000000,-0.299999999999997,0.931482734473144,20.781084511806498,21.111101734563768,21.291111128795009
2016-08-01,20.800000000000001,20.820000000000000,20.440000000000001,-0.340000000000000,-1.640000000000000,-0.340000000000000,0.916206417627784,20.440274725812873,20.800279564427971,20.820279833239923
2016-08-02,20.440000000000001,20.680000000000000,20.559999999999999,0.120000000000000,0.590000000000000,0.119999999999997,0.921612035491788,20.560872346695167,20.440867255177494,20.680877438212843
2016-08-03,20.579999999999998,20.690000000000001,20.460000000000001,-0.100000000000000,-0.490000000000000,-0.099999999999998,0.917096136517878,20.460124072196361,20.580124799892523,20.690125466947347
2016-08-04,20.520000000000000,20.680000000000000,20.600000000000001,0.140000000000000,0.680000000000000,0.140000000000001,0.923332390246200,20.599252915887295,20.519255817184817,20.679250014589769
2016-08-05,20.739999999999998,20.789999999999999,20.420000000000002,-0.180000000000000,-0.870000000000000,-0.180000000000000,0.915299398451058,20.420039415519074,20.740040033196159,20.790040129708203
2016-08-08,20.379999999999999,20.590000000000000,20.539999999999999,0.120000000000000,0.590000000000000,0.119999999999997,0.920699664901919,20.540517648070637,20.380513615758499,20.590518908168182
2016-08-09,20.579999999999998,20.949999999999999,20.800000000000001,0.260000000000000,1.270000000000000,0.260000000000002,0.932392550646174,20.801382222201134,20.581367602543235,20.951392190149697
2016-08-10,20.789999999999999,21.030000000000001,20.660000000000000,-0.140000000000000,-0.670000000000000,-0.140000000000001,0.926145520556844,20.662012961312385,20.792025627574276,21.032049011442375
2016-08-11,20.559999999999999,20.680000000000000,20.350000000000001,-0.310000000000000,-1.500000000000000,-0.309999999999999,0.912253337748491,20.352082766892700,20.562104259818863,20.682116541490956
2016-08-12,20.309999999999999,20.500000000000000,20.440000000000001,0.090000000000000,0.440000000000000,0.090000000000000,0.916267252434585,20.441631931067025,20.311621551857691,20.501636721471328
2016-08-15,20.480000000000000,20.949999999999999,20.850000000000001,0.410000000000000,2.010000000000000,0.410000000000000,0.934684224208520,20.852508732881475,20.482464213401084,20.952520765173471
2016-08-16,20.899999999999999,20.949999999999999,20.829999999999998,-0.020000000000000,-0.100000000000000,-0.020000000000003,0.933749539984312,20.831656224148592,20.901661789952261,20.951665765526311
2016-08-17,20.940000000000001,20.940000000000001,20.780000000000001,-0.050000000000000,-0.240000000000000,-0.049999999999997,0.931508541088349,20.781660249210638,20.941673032650179,20.941673032650179
2016-08-18,20.789999999999999,21.120000000000001,21.100000000000001,0.320000000000000,1.540000000000000,0.320000000000000,0.945853772621110,21.101697817048485,20.791672872816964,21.121699426353743
2016-08-19,21.140000000000001,21.140000000000001,20.930000000000000,-0.170000000000000,-0.810000000000000,-0.170000000000002,0.938192357062879,20.930774064730393,21.140781831266150,21.140781831266150
2016-08-22,20.960000000000001,21.030000000000001,20.520000000000000,-0.410000000000000,-1.960000000000000,-0.410000000000000,0.919803786864447,20.520530893061675,20.960542276733566,21.030544087772274
2016-08-23,20.570000000000000,20.649999999999999,20.489999999999998,-0.030000000000000,-0.150000000000000,-0.030000000000001,0.918424081184150,20.489750096722084,20.569749121013825,20.649748145305566
2016-08-24,20.420000000000002,20.800000000000001,20.600000000000001,0.110000000000000,0.540000000000000,0.110000000000003,0.923383571222544,20.600394747244383,20.420391297996616,20.800398579741902
2016-08-25,20.449999999999999,20.460000000000001,20.260000000000002,-0.340000000000000,-1.650000000000000,-0.340000000000000,0.908147742297372,20.260488233914852,20.450492812613952,20.460493053598118
2016-08-26,20.309999999999999,20.440000000000001,20.280000000000001,0.020000000000000,0.100000000000000,0.020000000000000,0.909055890039670,20.280748722148765,20.310749829725903,20.440754629226863
2016-08-29,20.320000000000000,20.770000000000000,20.570000000000000,0.290000000000000,1.430000000000000,0.289999999999999,0.922055389267237,20.570763428875495,20.320754150449687,20.770770851616142
2016-08-30,20.430000000000000,20.609999999999999,20.480000000000000,-0.090000000000000,-0.440000000000000,-0.090000000000000,0.917998345554461,20.480252069788442,20.430251454383686,20.610253669840809
2016-08-31,20.480000000000000,20.680000000000000,20.550000000000001,0.070000000000000,0.340000000000000,0.070000000000000,0.921119539929346,20.549884926825722,20.479885318802470,20.679884198868901
2016-09-01,20.500000000000000,20.590000000000000,20.300000000000001,-0.250000000000000,-1.220000000000000,-0.250000000000000,0.909881881542208,20.299176330718449,20.499168215750156,20.589164564014425
2016-09-02,20.300000000000001,20.390000000000001,20.370000000000001,0.070000000000000,0.340000000000000,0.070000000000000,0.912975479939452,20.368193530242895,20.298199738042747,20.388191756585794
2016-09-05,20.449999999999999,20.539999999999999,20.520000000000000,0.150000000000000,0.740000000000000,0.149999999999999,0.919731498491004,20.518918162366695,20.448921852845952,20.538917107944052
2016-09-06,20.469999999999999,20.789999999999999,20.739999999999998,0.220000000000000,1.070000000000000,0.219999999999999,0.929572625524858,20.738470586704015,20.468490497098902,20.788466899593853
2016-09-07,20.680000000000000,21.030000000000001,20.829999999999998,0.090000000000000,0.430000000000000,0.090000000000000,0.933569787814615,20.827646010226843,20.677662961665440,21.027623408308717
2016-09-08,20.840000000000000,20.920000000000002,20.859999999999999,0.030000000000000,0.140000000000000,0.030000000000001,0.934876785517555,20.856804714641161,20.836807778193759,20.916795523983371
2016-09-09,20.910000000000000,21.199999999999999,20.879999999999999,0.020000000000000,0.100000000000000,0.020000000000000,0.935811662303072,20.877661519355801,20.907658159469818,21.197625680571981
2016-09-12,20.449999999999999,20.590000000000000,20.340000000000000,-0.540000000000000,-2.590000000000000,-0.539999999999999,0.911574140249423,20.336930086004482,20.446913483716401,20.586892353531578
2016-09-13,20.480000000000000,20.600000000000001,20.480000000000000,0.140000000000000,0.690000000000000,0.140000000000001,0.917864001817144,20.477254903597913,20.477254903597913,20.597238819048684
2016-09-14,20.440000000000001,21.100000000000001,20.699999999999999,0.220000000000000,1.070000000000000,0.219999999999999,0.927685146636587,20.696361531066408,20.436407231642388,21.096291222487984
2016-09-19,20.680000000000000,20.949999999999999,20.640000000000001,-0.060000000000000,-0.290000000000000,-0.059999999999999,0.924994859711341,20.636342082626317,20.676334993639159,20.946287142975837
2016-09-20,20.649999999999999,20.780000000000001,20.460000000000001,-0.180000000000000,-0.870000000000000,-0.180000000000000,0.916947404431852,20.456805906507469,20.646776244837696,20.776755950011008
2016-09-21,20.510000000000002,20.600000000000001,20.460000000000001,0.000000000000000,0.000000000000000,0.000000000000000,0.916947404431852,20.456805906507469,20.506798100804897,20.596784050540268
2016-09-22,20.660000000000000,20.719999999999999,20.489999999999998,0.030000000000000,0.150000000000000,0.029999999999998,0.918322825538500,20.487491115367231,20.657470299828553,20.717462953167839
2016-09-23,20.510000000000002,20.520000000000000,20.260000000000002,-0.230000000000000,-1.120000000000000,-0.229999999999997,0.908037609892469,20.258031214875114,20.508006920882949,20.518005949123264
2016-09-26,20.270000000000000,20.420000000000002,20.109999999999999,-0.150000000000000,-0.740000000000000,-0.150000000000002,0.901318131579265,20.108121783885043,20.268106840345592,20.418092830777354
2016-09-27,20.000000000000000,20.250000000000000,20.039999999999999,-0.070000000000000,-0.350000000000000,-0.070000000000000,0.898163518118737,20.037743357641446,19.997747861917613,20.247719710191582
2016-09-28,20.199999999999999,20.420000000000002,20.320000000000000,0.280000000000000,1.400000000000000,0.280000000000001,0.910737807372400,20.318271764648426,20.198281970762704,20.418263259553193
2016-09-29,20.399999999999999,20.489999999999998,20.300000000000001,-0.020000000000000,-0.100000000000000,-0.020000000000000,0.909827069565027,20.297953492883778,20.397943411567933,20.487934338383671
2016-09-30,20.300000000000001,20.430000000000000,20.280000000000001,-0.020000000000000,-0.100000000000000,-0.020000000000000,0.908917242495462,20.277655539390896,20.297653227299563,20.427638198705914
2016-10-10,20.500000000000000,20.570000000000000,20.559999999999999,0.280000000000000,1.380000000000000,0.279999999999998,0.921460300441900,20.557487185834489,20.497494518949757,20.567485963648611
2016-10-11,20.550000000000001,20.550000000000001,20.350000000000001,-0.210000000000000,-1.020000000000000,-0.209999999999997,0.912061405377392,20.347800816538978,20.547779202942305,20.547779202942305
2016-10-12,20.329999999999998,20.340000000000000,20.109999999999999,-0.240000000000000,-1.180000000000000,-0.240000000000002,0.901299080793939,20.107696766903814,20.327671569923147,20.337670424605850
2016-10-13,20.109999999999999,20.210000000000001,20.079999999999998,-0.030000000000000,-0.150000000000000,-0.030000000000001,0.899947132172748,20.077535221753461,20.107531539315843,20.207519264523778
2016-10-14,20.090000000000000,20.160000000000000,20.129999999999999,0.050000000000000,0.250000000000000,0.050000000000001,0.902197000003180,20.127729059807844,20.087733572356662,20.157725675396232
2016-10-17,20.190000000000001,20.199999999999999,19.930000000000000,-0.200000000000000,-0.990000000000000,-0.199999999999999,0.893265249703149,19.928464542115748,20.188444511054538,20.198443740629109
2016-10-18,19.920000000000002,20.430000000000000,20.199999999999999,0.270000000000000,1.350000000000000,0.270000000000000,0.905324330574141,20.197498813434311,19.917533483347103,20.427470334577375
2016-10-19,20.100000000000001,20.199999999999999,20.000000000000000,-0.200000000000000,-0.990000000000000,-0.199999999999999,0.896361619701457,19.997543575181314,20.097531293057223,20.197519010933128
2016-10-20,20.010000000000002,20.100000000000001,19.989999999999998,-0.010000000000000,-0.050000000000000,-0.010000000000002,0.895913438891607,19.987544803393725,20.007542346968908,20.097531293057227
2016-10-21,20.010000000000002,20.079999999999998,19.840000000000000,-0.150000000000000,-0.750000000000000,-0.149999999999999,0.889194088099920,19.837638217368273,20.007617980319512,20.077609647417081
2016-10-24,19.850000000000001,20.100000000000001,19.969999999999999,0.130000000000000,0.660000000000000,0.129999999999999,0.895062769081379,19.968566629602904,19.848575242745003,20.098557298698967
2016-10-25,19.980000000000000,20.039999999999999,19.930000000000000,-0.040000000000000,-0.200000000000000,-0.039999999999999,0.893272643543216,19.928629496343699,19.978626058050533,20.038621932098735
2016-10-26,19.930000000000000,19.989999999999998,19.739999999999998,-0.190000000000000,-0.950000000000000,-0.190000000000001,0.884786553429556,19.739307516128434,19.929300850883472,19.989298746069270
2016-10-27,19.739999999999998,19.789999999999999,19.739999999999998,0.000000000000000,0.000000000000000,0.000000000000000,0.884786553429556,19.739307516128434,19.739307516128434,19.789305762116602
2016-10-28,19.730000000000000,19.949999999999999,19.829999999999998,0.090000000000000,0.460000000000000,0.090000000000000,0.888856571575332,19.830108330702622,19.730107784405586,19.950108986259067
2016-11-02,20.359999999999999,20.379999999999999,20.289999999999999,-0.060000000000000,-0.290000000000000,0.460000000000001,0.886278887517763,19.772601016543586,19.840816002800761,19.860305998874239
2016-11-03,20.210000000000001,20.390000000000001,20.160000000000000,-0.130000000000000,-0.640000000000000,-0.129999999999999,0.880606702637650,19.646056370037709,19.694781708257050,19.870192925846673
2016-11-04,20.129999999999999,20.300000000000001,20.140000000000001,-0.020000000000000,-0.100000000000000,-0.020000000000000,0.879726095935012,19.626410313667670,19.616665323442412,19.782330157271783
2016-11-07,20.109999999999999,20.239999999999998,20.160000000000000,0.020000000000000,0.100000000000000,0.020000000000000,0.880605822030947,19.646036723981336,19.597311434487334,19.723997187171737
2016-11-08,20.160000000000000,20.239999999999998,20.140000000000001,-0.020000000000000,-0.100000000000000,-0.020000000000000,0.879725216208916,19.626390687257352,19.645880648217886,19.723840492060017
2016-11-09,20.070000000000000,20.190000000000001,19.969999999999999,-0.170000000000000,-0.840000000000000,-0.170000000000002,0.872335524392761,19.461529005484390,19.558982831250461,19.675927422169750
2016-11-10,20.090000000000000,20.350000000000001,20.309999999999999,0.340000000000000,1.700000000000000,0.340000000000000,0.887165228307438,19.792374998577625,19.577981965604359,19.831355550027315
2016-11-11,20.309999999999999,20.350000000000001,20.340000000000000,0.030000000000000,0.150000000000000,0.030000000000001,0.888495976149899,19.822063561075492,19.792827479127002,19.831808921724988
2016-11-14,20.340000000000000,20.550000000000001,20.350000000000001,0.010000000000000,0.050000000000000,0.010000000000002,0.888940224137974,19.831974592856028,19.822229150795653,20.026883434063457
2016-11-15,20.270000000000000,20.340000000000000,20.300000000000001,-0.050000000000000,-0.250000000000000,-0.050000000000001,0.886717873577629,19.782394656373889,19.753159590379244,19.821374744366743
2016-11-16,20.399999999999999,20.539999999999999,20.190000000000001,-0.110000000000000,-0.540000000000000,-0.109999999999999,0.881929597060310,19.675569725229469,19.880219038864841,20.016651914621757
2016-11-17,20.090000000000000,20.359999999999999,20.129999999999999,-0.060000000000000,-0.300000000000000,-0.060000000000002,0.879283808269129,19.616543016053782,19.577563298187805,19.840676393783163
2016-11-18,20.300000000000001,20.300000000000001,20.090000000000000,-0.040000000000000,-0.200000000000000,-0.039999999999999,0.877525240652591,19.577309930021674,19.781950800370335,19.781950800370335
2016-11-21,20.100000000000001,20.180000000000000,20.100000000000001,0.010000000000000,0.050000000000000,0.010000000000002,0.877964003272917,19.587098584986684,19.587098584986684,19.665057186319963
2016-11-22,20.109999999999999,20.270000000000000,20.260000000000002,0.160000000000000,0.800000000000000,0.160000000000000,0.884987715299100,19.743795373666579,19.597617224305768,19.753540583623966
2016-11-23,20.280000000000001,20.539999999999999,20.320000000000000,0.060000000000000,0.300000000000000,0.059999999999999,0.887642678444997,19.803026759787574,19.764044423646261,20.017429608564800
2016-11-24,20.309999999999999,20.309999999999999,20.109999999999999,-0.210000000000000,-1.030000000000000,-0.210000000000001,0.878499958857014,19.599055584161764,19.793974088231000,19.793974088231000
2016-11-25,20.079999999999998,20.390000000000001,20.370000000000001,0.260000000000000,1.290000000000000,0.260000000000002,0.889832608326269,19.851883401197448,19.569259631617314,19.871374695651248
2016-11-28,20.449999999999999,20.500000000000000,20.239999999999998,-0.130000000000000,-0.640000000000000,-0.130000000000003,0.884137679632981,19.724831347429785,19.929486218129401,19.978213568295978
2016-11-29,20.239999999999998,20.449999999999999,20.210000000000001,-0.030000000000000,-0.150000000000000,-0.029999999999998,0.882811473113532,19.695244100408644,19.724479989721470,19.929131214911266
2016-11-30,20.160000000000000,20.469999999999999,20.340000000000000,0.130000000000000,0.640000000000000,0.129999999999999,0.888461466541459,19.821293662651257,19.645883984220713,19.947978430406646
2016-12-01,20.379999999999999,20.760000000000002,20.660000000000000,0.320000000000000,1.570000000000000,0.320000000000000,0.902410311566159,20.132487973154884,19.859637216500317,20.229934671960088
2016-12-02,20.550000000000001,20.620000000000001,20.219999999999999,-0.440000000000000,-2.130000000000000,-0.440000000000001,0.883188971929800,19.703665979326686,20.025239162965551,20.093451656464705
2016-12-05,20.050000000000001,20.480000000000000,20.210000000000001,-0.010000000000000,-0.050000000000000,-0.009999999999998,0.882747377443835,19.693814146337022,19.537900724099817,19.956918046362304
2016-12-06,20.250000000000000,20.390000000000001,20.020000000000000,-0.190000000000000,-0.940000000000000,-0.190000000000001,0.874449552095863,19.508692293361456,19.732818128899574,19.869242550531474
2016-12-07,20.020000000000000,20.120000000000001,20.059999999999999,0.040000000000000,0.200000000000000,0.039999999999999,0.876198451200055,19.547709677948177,19.508731194043992,19.606177403804455
2016-12-08,20.059999999999999,20.100000000000001,19.710000000000001,-0.350000000000000,-1.750000000000000,-0.349999999999998,0.860864978304054,19.205624758584086,19.546668323551330,19.585644730976163
2016-12-09,19.770000000000000,19.850000000000001,19.489999999999998,-0.220000000000000,-1.120000000000000,-0.220000000000002,0.851223290547049,18.990521761287944,19.263346086232051,19.341295893358943
2016-12-12,19.570000000000000,19.660000000000000,17.899999999999999,-1.590000000000000,-8.160000000000000,-1.590000000000000,0.781763470038410,17.440895185566848,19.068062501762196,19.155754153533199
2016-12-13,17.989999999999998,18.180000000000000,17.910000000000000,0.010000000000000,0.060000000000000,0.010000000000002,0.782232528120433,17.451359722678188,17.529311078223369,17.714445547643184
2016-12-14,17.920000000000002,18.149999999999999,17.949999999999999,0.040000000000000,0.220000000000000,0.039999999999999,0.783953439682298,17.489752714068079,17.460521929587745,17.684624610603656
2016-12-15,17.820000000000000,18.219999999999999,18.140000000000001,0.190000000000000,1.060000000000000,0.190000000000001,0.792263346142930,17.675144092837201,17.363344417550106,17.753094011658973
2016-12-16,18.120000000000001,18.289999999999999,18.160000000000000,0.020000000000000,0.110000000000000,0.020000000000000,0.793134835823687,17.694586751339322,17.655611890653553,17.821255048568073
2016-12-19,18.180000000000000,18.180000000000000,17.920000000000002,-0.240000000000000,-1.320000000000000,-0.239999999999998,0.782665455990815,17.461018206221645,17.714358872160126,17.714358872160126
2016-12-20,17.960000000000001,18.010000000000002,17.920000000000002,0.000000000000000,0.000000000000000,0.000000000000000,0.782665455990815,17.461018206221645,17.499993693289102,17.548713052123428
2016-12-21,17.930000000000000,18.039999999999999,17.969999999999999,0.050000000000000,0.280000000000000,0.049999999999997,0.784856919267589,17.509909057199064,17.470933188401737,17.578116827594386
2016-12-22,18.000000000000000,18.329999999999998,18.199999999999999,0.230000000000000,1.280000000000000,0.230000000000000,0.794903087834214,17.734035893131210,17.539156377822078,17.860707578082145
2016-12-23,18.100000000000001,18.239999999999998,17.940000000000001,-0.260000000000000,-1.430000000000000,-0.259999999999998,0.783535973678185,17.480439179859438,17.636340532634105,17.772754216311935
2016-12-26,17.940000000000001,17.940000000000001,17.829999999999998,-0.110000000000000,-0.610000000000000,-0.110000000000003,0.778756404238748,17.373808500862296,17.480994083312936,17.480994083312936
2016-12-27,17.820000000000000,17.899999999999999,17.660000000000000,-0.170000000000000,-0.950000000000000,-0.169999999999998,0.771358218398480,17.208757320104102,17.364669051203570,17.442624916753310
2016-12-28,17.600000000000001,17.739999999999998,17.410000000000000,-0.250000000000000,-1.420000000000000,-0.250000000000000,0.760404931697221,16.964392966158627,17.149529937070181,17.285946652478689
2016-12-29,17.399999999999999,17.559999999999999,17.379999999999999,-0.030000000000000,-0.170000000000000,-0.030000000000001,0.759112243313336,16.935553498116157,16.955042052199143,17.110950484863043
2016-12-30,17.500000000000000,17.500000000000000,17.340000000000000,-0.040000000000000,-0.230000000000000,-0.039999999999999,0.757366285153715,16.896601725070489,17.052510391507127,17.052510391507127
2017-01-03,17.359999999999999,17.520000000000000,17.399999999999999,0.060000000000000,0.350000000000000,0.059999999999999,0.760017067151753,16.955739831108236,16.916761118852815,17.072675967874499
2017-01-04,17.410000000000000,17.890000000000001,17.750000000000000,0.350000000000000,2.010000000000000,0.350000000000001,0.775293410201504,17.296550201713512,16.965236000666604,17.432973696262241
2017-01-05,17.750000000000000,17.859999999999999,17.649999999999999,-0.100000000000000,-0.560000000000000,-0.100000000000001,0.770951767104375,17.199689520583913,17.297138186422917,17.404331718845818
2017-01-06,17.640000000000001,17.660000000000000,17.410000000000000,-0.240000000000000,-1.360000000000000,-0.239999999999998,0.760466823071756,16.965773743103973,17.189905159583809,17.209394847973360
2017-01-09,17.370000000000001,17.539999999999999,17.440000000000001,0.030000000000000,0.170000000000000,0.030000000000001,0.761759616670978,16.994615558467249,16.926403225377072,17.092061748596073
2017-01-10,17.390000000000001,17.469999999999999,17.350000000000001,-0.090000000000000,-0.520000000000000,-0.090000000000000,0.757798466664289,16.906243557563219,16.945220487955297,17.023174348739445
2017-01-11,17.350000000000001,18.160000000000000,17.680000000000000,0.330000000000000,1.900000000000000,0.329999999999998,0.772196637530910,17.227462185156920,16.905908875139851,17.695176090636295
2017-01-12,17.690000000000001,18.140000000000001,18.050000000000001,0.370000000000000,2.090000000000000,0.370000000000001,0.788335547255306,17.587516144826697,17.236740199555914,17.675210131144393
2017-01-13,17.960000000000001,18.100000000000001,17.410000000000000,-0.640000000000000,-3.550000000000000,-0.640000000000001,0.760349635327742,16.963159321685346,17.499043160107345,17.635449955342033
2017-01-16,17.550000000000001,18.079999999999998,16.780000000000001,-0.630000000000000,-3.620000000000000,-0.629999999999999,0.732824978528878,16.349092954240337,17.099319508159589,17.615709214104008
2017-01-17,16.800000000000001,17.050000000000001,16.870000000000001,0.090000000000000,0.540000000000000,0.090000000000000,0.736782233412934,16.437378056193236,16.369173167993264,16.612762054421733
2017-01-18,16.870000000000001,17.059999999999999,16.620000000000001,-0.250000000000000,-1.480000000000000,-0.250000000000000,0.725877856358423,16.194104860961577,16.437698496054260,16.622829658724697
2017-01-19,16.629999999999999,16.680000000000000,16.320000000000000,-0.300000000000000,-1.800000000000000,-0.300000000000001,0.712812054943971,15.902610973464268,16.204682627984727,16.253403862584804
2017-01-20,16.210000000000001,16.649999999999999,16.420000000000002,0.100000000000000,0.610000000000000,0.100000000000001,0.717160208479129,15.999616900402401,15.794993298143904,16.223728464780752
2017-01-23,16.449999999999999,16.640000000000001,16.520000000000000,0.100000000000000,0.610000000000000,0.099999999999998,0.721534885750852,16.097214563494855,16.029006027208862,16.214143482842278
2017-01-24,16.609999999999999,16.690000000000001,16.350000000000001,-0.170000000000000,-1.030000000000000,-0.169999999999998,0.714103076427618,15.931413253490861,16.184756828164108,16.262708697294343
2017-01-25,16.440000000000001,16.520000000000000,16.370000000000001,0.020000000000000,0.120000000000000,0.020000000000000,0.714960000119332,15.950530949395050,16.018737251561063,16.096687311179366
2017-01-26,16.379999999999999,16.539999999999999,16.520000000000000,0.150000000000000,0.920000000000000,0.149999999999999,0.721537632120430,16.097275834129487,15.960858242314830,16.116764061531580
2017-02-02,18.170000000000002,18.170000000000002,18.170000000000002,1.650000000000000,9.990000000000000,1.650000000000002,0.793619241569261,17.705393689959028,17.705393689959028,17.705393689959028
2017-02-03,16.600000000000001,16.739999999999998,16.570000000000000,0.050000000000000,0.300000000000000,-1.600000000000001,0.796000099293968,17.758509871028899,17.790661669226296,17.940703394147480
2017-02-06,16.559999999999999,16.789999999999999,16.730000000000000,0.160000000000000,0.970000000000000,0.160000000000000,0.803721300257120,17.930767416777883,17.748565954682711,17.995073815164410
2017-02-07,16.649999999999999,16.730000000000000,16.579999999999998,-0.150000000000000,-0.900000000000000,-0.150000000000002,0.796487808554806,17.769390510026881,17.844412062240504,17.930150979056076
2017-02-08,16.649999999999999,16.699999999999999,16.690000000000001,0.110000000000000,0.660000000000000,0.110000000000003,0.801744628091267,17.886668487393056,17.843800498208168,17.897385484689277
2017-02-09,16.710000000000001,16.840000000000000,16.770000000000000,0.080000000000000,0.480000000000000,0.079999999999998,0.805593002306105,17.972524496132539,17.908222082908452,18.047543978227310
2017-02-10,16.760000000000002,16.800000000000001,16.620000000000001,-0.150000000000000,-0.890000000000000,-0.149999999999999,0.798423224585581,17.812569028116958,17.962614735935031,18.005484938168763
2017-02-13,16.510000000000002,16.739999999999998,16.629999999999999,0.010000000000000,0.060000000000000,0.009999999999998,0.798902278520332,17.823256569533829,17.694646179374839,17.941149427179571
2017-02-14,16.649999999999999,16.710000000000001,16.559999999999999,-0.070000000000000,-0.420000000000000,-0.070000000000000,0.795546888950547,17.748398891941786,17.844857581571905,17.909163374658654
2017-02-15,16.570000000000000,16.670000000000002,16.320000000000000,-0.240000000000000,-1.450000000000000,-0.239999999999998,0.784011459060764,17.491047108008630,17.758985942383763,17.866161476133815
2017-02-16,16.309999999999999,16.469999999999999,16.329999999999998,0.010000000000000,0.060000000000000,0.009999999999998,0.784481865936200,17.501541736273435,17.480106902548666,17.651585572346814
2017-02-17,16.329999999999998,16.670000000000002,16.530000000000001,0.200000000000000,1.230000000000000,0.200000000000003,0.794130992887216,17.716810699629598,17.502451223530024,17.866862332899299
2017-02-20,16.530000000000001,16.609999999999999,16.600000000000001,0.070000000000000,0.420000000000000,0.070000000000000,0.797466343057342,17.791221304568044,17.716198082199384,17.801938907763567
2017-02-21,16.640000000000001,16.879999999999999,16.820000000000000,0.220000000000000,1.320000000000000,0.219999999999999,0.807992898785699,18.026065425788342,17.833158661421997,18.090367680577121
2017-02-22,16.760000000000002,16.930000000000000,16.899999999999999,0.080000000000000,0.480000000000000,0.079999999999998,0.811871264699870,18.112590539832127,17.962545411099793,18.144743067417629
2017-02-23,16.890000000000001,16.890000000000001,16.750000000000000,-0.150000000000000,-0.890000000000000,-0.149999999999999,0.804645610444041,17.951388484027618,18.101429940013521,18.101429940013521
2017-02-24,16.730000000000000,16.870000000000001,16.789999999999999,0.040000000000000,0.240000000000000,0.039999999999999,0.806576759909107,17.994471816389286,17.930167569278904,18.080210812536468
2017-02-27,16.800000000000001,16.859999999999999,16.649999999999999,-0.140000000000000,-0.830000000000000,-0.140000000000001,0.799882172801861,17.845117700313253,18.005884526442202,18.070191256893782
2017-02-28,16.710000000000001,17.469999999999999,17.219999999999999,0.570000000000000,3.420000000000000,0.570000000000000,0.827238143111685,18.455420725663966,17.908831610095525,18.723356566628890
2017-03-01,17.129999999999999,17.340000000000000,17.239999999999998,0.020000000000000,0.120000000000000,0.020000000000000,0.828230828883419,18.477567230534763,18.359670919899102,18.584745694749003
2017-03-02,17.370000000000001,17.390000000000001,17.160000000000000,-0.080000000000000,-0.460000000000000,-0.079999999999998,0.824420967070555,18.392570421274304,18.617654325031157,18.639090887293715
2017-03-03,17.149999999999999,17.359999999999999,17.280000000000001,0.120000000000000,0.700000000000000,0.120000000000001,0.830191913840049,18.521318414223220,18.381979791893993,18.607065258733510
2017-03-06,17.289999999999999,17.850000000000001,17.750000000000000,0.470000000000000,2.720000000000000,0.469999999999999,0.852773133896498,19.025098275090095,18.532053474721561,19.132281927344124
2017-03-07,17.760000000000002,18.480000000000000,18.449999999999999,0.700000000000000,3.940000000000000,0.699999999999999,0.886372395372021,19.774687147128645,19.035146001788878,19.806841109969508
2017-03-08,18.199999999999999,18.399999999999999,18.030000000000001,-0.420000000000000,-2.280000000000000,-0.419999999999998,0.866163104757539,19.323824280174112,19.506023399842974,19.720375305335750
2017-03-09,18.010000000000002,18.239999999999998,17.760000000000002,-0.270000000000000,-1.500000000000000,-0.270000000000000,0.853170658186175,19.033966915971501,19.301900008820201,19.548398454240996
2017-03-10,17.760000000000002,17.850000000000001,17.800000000000001,0.040000000000000,0.230000000000000,0.039999999999999,0.855132950700004,19.077745039878234,19.034873702709969,19.131334211338569
2017-03-13,17.620000000000001,17.969999999999999,17.809999999999999,0.010000000000000,0.060000000000000,0.009999999999998,0.855646030470424,19.089191686902158,18.885545060259183,19.260683583022558
2017-03-14,17.809999999999999,17.890000000000001,17.469999999999999,-0.340000000000000,-1.910000000000000,-0.340000000000000,0.839303191288438,18.724588125682327,19.089004837916555,19.174749946677554
2017-03-15,17.520000000000000,17.579999999999998,17.469999999999999,0.000000000000000,0.000000000000000,0.000000000000000,0.839303191288438,18.724588125682327,18.778178818657949,18.842487650228694
2017-03-16,17.510000000000002,17.690000000000001,17.660000000000000,0.190000000000000,1.090000000000000,0.190000000000001,0.848451596073482,18.928686136252264,18.767910206442650,18.960841322214186
2017-03-17,17.640000000000001,17.899999999999999,17.440000000000001,-0.220000000000000,-1.250000000000000,-0.219999999999999,0.837845951122564,18.692077559549109,18.906436247158613,19.185102541050973
2017-03-20,17.449999999999999,17.629999999999999,17.550000000000001,0.110000000000000,0.630000000000000,0.109999999999999,0.843124380614636,18.809837648174270,18.702659086076409,18.895580497852553
2017-03-21,17.500000000000000,17.699999999999999,17.609999999999999,0.060000000000000,0.340000000000000,0.059999999999999,0.845991003508726,18.873791096178060,18.755896887172973,18.970249994454946
2017-03-22,17.449999999999999,17.600000000000001,17.280000000000001,-0.330000000000000,-1.870000000000000,-0.329999999999998,0.830170971743112,18.520851202679530,18.703058650854036,18.863829928655079
2017-03-23,17.210000000000001,17.420000000000002,17.170000000000002,-0.110000000000000,-0.640000000000000,-0.109999999999999,0.824857877523957,18.402317754982381,18.445188617544947,18.670260645998432
2017-03-24,17.300000000000001,17.350000000000001,17.350000000000001,0.180000000000000,1.050000000000000,0.180000000000000,0.833518885237958,18.595542091409694,18.541952632933008,18.595542091409694
2017-03-27,17.399999999999999,17.399999999999999,17.190000000000001,-0.160000000000000,-0.920000000000000,-0.160000000000000,0.825850511493769,18.424463104168726,18.649543805266770,18.649543805266770
2017-03-28,17.149999999999999,17.219999999999999,16.890000000000001,-0.300000000000000,-1.750000000000000,-0.300000000000001,0.811398127542628,18.102034999845774,18.380692732229424,18.455715967871178
2017-03-29,16.809999999999999,16.960000000000001,16.649999999999999,-0.240000000000000,-1.420000000000000,-0.240000000000002,0.799876274131523,17.844986102847965,18.016469452785245,18.177235093351445
2017-03-30,16.690000000000001,16.800000000000001,16.340000000000000,-0.310000000000000,-1.860000000000000,-0.309999999999999,0.784998575432676,17.513069361334995,17.888196306039234,18.006093345803425
2017-03-31,16.359999999999999,16.469999999999999,16.379999999999999,0.040000000000000,0.240000000000000,0.039999999999999,0.786882572013715,17.555100727802198,17.533665928378753,17.651557325207705
2017-04-05,16.390000000000001,16.920000000000002,16.800000000000001,0.420000000000000,2.560000000000000,0.420000000000002,0.807026765857266,18.004511306433937,17.565115494788824,18.133114958622752
2017-04-06,16.890000000000001,17.640000000000001,16.989999999999998,0.190000000000000,1.130000000000000,0.189999999999998,0.816146168311453,18.207962284196640,18.100793583289068,18.904558840095863
2017-04-07,16.899999999999999,17.460000000000001,16.800000000000001,-0.190000000000000,-1.120000000000000,-0.189999999999998,0.807005331226365,18.004033106613640,18.111199970343485,18.711334407230606
2017-04-10,16.820000000000000,18.010000000000002,17.699999999999999,0.900000000000000,5.360000000000000,0.899999999999999,0.850260816980098,18.969049281128132,18.025955305569219,19.301275567972752
2017-04-11,17.430000000000000,19.370000000000001,18.739999999999998,1.040000000000000,5.880000000000000,1.039999999999999,0.900256153018528,20.084429378858466,18.680448456430263,20.759626311018600
2017-04-12,18.270000000000000,18.449999999999999,17.690000000000001,-1.050000000000000,-5.600000000000000,-1.049999999999997,0.849841808449490,18.959701333642393,19.581330885565091,19.774250401679033
2017-04-13,17.730000000000000,18.170000000000002,17.780000000000001,0.090000000000000,0.510000000000000,0.090000000000000,0.854176001672583,19.056395810443970,19.002806395903914,19.474393243856412
2017-04-14,17.969999999999999,17.969999999999999,17.559999999999999,-0.220000000000000,-1.240000000000000,-0.220000000000002,0.843584219251843,18.820096502394467,19.259517889978849,19.259517889978849
2017-04-17,17.600000000000001,17.960000000000001,17.710000000000001,0.150000000000000,0.850000000000000,0.150000000000002,0.850754685115483,18.980067322664819,18.862178705753859,19.247995997462461
2017-04-18,17.800000000000001,18.449999999999999,18.050000000000001,0.340000000000000,1.920000000000000,0.340000000000000,0.867089175069701,19.344484615259987,19.076555465464143,19.773171254933338
2017-04-19,17.870000000000001,17.879999999999999,17.199999999999999,-0.850000000000000,-4.710000000000000,-0.850000000000001,0.826249274923918,18.433359389881240,19.151403040533594,19.162120109946311
2017-04-20,17.160000000000000,17.390000000000001,16.739999999999998,-0.460000000000000,-2.670000000000000,-0.460000000000001,0.804188419283449,17.941188694171409,18.391326044921232,18.637829832236612
2017-04-21,16.870000000000001,16.940000000000001,16.570000000000000,-0.170000000000000,-1.020000000000000,-0.169999999999998,0.795985697406758,17.758188569490862,18.079700734297578,18.154720239419145
2017-04-24,16.579999999999998,16.719999999999999,16.170000000000002,-0.400000000000000,-2.410000000000000,-0.399999999999999,0.776802442099255,17.330216224966133,17.769634199748822,17.919679361869740
2017-04-25,16.210000000000001,16.410000000000000,16.149999999999999,-0.020000000000000,-0.120000000000000,-0.020000000000003,0.775870279168736,17.309419965496172,17.373727408092446,17.588085550080013
2017-04-26,16.090000000000000,16.350000000000001,16.300000000000001,0.150000000000000,0.930000000000000,0.150000000000002,0.783085872765006,17.470397571175290,17.245318829460761,17.523987747773987
2017-04-27,16.129999999999999,16.460000000000001,16.350000000000001,0.050000000000000,0.310000000000000,0.050000000000001,0.785513438970577,17.524555803645935,17.288751383046414,17.642458013945696
2017-04-28,16.270000000000000,16.570000000000000,16.489999999999998,0.140000000000000,0.860000000000000,0.139999999999997,0.792268854545724,17.675266983557290,17.439453840053190,17.761017217558784
2017-05-02,16.489999999999998,16.670000000000002,16.579999999999998,0.090000000000000,0.550000000000000,0.090000000000000,0.796626333245726,17.772480951966855,17.676007894929640,17.868954009004071
2017-05-03,16.500000000000000,16.510000000000002,16.260000000000002,-0.320000000000000,-1.930000000000000,-0.319999999999997,0.781251445014083,17.429472069593899,17.686733649956906,17.697452882472032
2017-05-04,16.289999999999999,17.620000000000001,17.379999999999999,1.120000000000000,6.890000000000000,1.119999999999997,0.835079669575553,18.630362695188918,17.461945241923328,18.887628923430881
2017-05-05,18.699999999999999,18.699999999999999,17.329999999999998,-0.050000000000000,-0.290000000000000,-0.050000000000001,0.832657938533784,18.576334643372867,20.044861963708751,20.044861963708751
2017-05-08,17.010000000000002,17.149999999999999,16.370000000000001,-0.960000000000000,-5.540000000000000,-0.959999999999997,0.786528688739013,17.547205704130011,18.233229629031857,18.383297362604132
2017-05-09,16.260000000000002,16.649999999999999,16.440000000000001,0.070000000000000,0.430000000000000,0.070000000000000,0.789910762100590,17.622658688657769,17.429709870898744,17.847765642709966
2017-05-10,16.309999999999999,16.559999999999999,15.730000000000000,-0.710000000000000,-4.320000000000000,-0.710000000000001,0.755786617177845,16.861359833307752,17.483075580499008,17.751056506012482
2017-05-11,16.050000000000001,16.390000000000001,16.129999999999999,0.400000000000000,2.540000000000000,0.399999999999999,0.774983597254162,17.289638373073771,17.203886911831002,17.568330622112779
2017-05-12,16.030000000000001,16.149999999999999,15.900000000000000,-0.230000000000000,-1.430000000000000,-0.229999999999999,0.763901331813428,17.042396544338818,17.181736893443478,17.310358754155462
2017-05-15,15.990000000000000,16.090000000000000,15.900000000000000,0.000000000000000,0.000000000000000,0.000000000000000,0.763901331813428,17.042396544338818,17.138862939872809,17.246047823799469
2017-05-16,16.050000000000001,16.780000000000001,16.719999999999999,0.820000000000000,5.160000000000000,0.819999999999999,0.803318640535001,17.921784206026700,17.203626585330657,17.986096828775601
2017-05-17,16.899999999999999,17.449999999999999,17.059999999999999,0.340000000000000,2.030000000000000,0.340000000000000,0.819626008937861,18.285596425409043,18.114101968898758,18.703614163152860
2017-05-18,17.149999999999999,17.539999999999999,17.300000000000001,0.240000000000000,1.410000000000000,0.240000000000002,0.831182735663885,18.543423335007308,18.382642207825164,18.800673138498738
2017-05-19,17.170000000000002,17.239999999999998,16.600000000000001,-0.700000000000000,-4.050000000000000,-0.699999999999999,0.797519834869498,17.792414689939513,18.403359049774789,18.478387304491395
2017-05-22,16.609999999999999,16.840000000000000,16.100000000000001,-0.500000000000000,-3.010000000000000,-0.500000000000000,0.773514487839926,17.256863007772335,17.803508978825992,18.050035593222738
2017-05-23,16.109999999999999,16.230000000000000,15.699999999999999,-0.400000000000000,-2.480000000000000,-0.400000000000002,0.754331328541496,16.828892805179581,17.268373445314847,17.397001925354434
2017-05-24,15.760000000000000,16.109999999999999,16.109999999999999,0.410000000000000,2.610000000000000,0.410000000000000,0.774019376216429,17.268126907394766,16.892965863472472,17.268126907394766
2017-05-25,16.020000000000000,16.350000000000001,16.250000000000000,0.140000000000000,0.870000000000000,0.140000000000001,0.780753344789511,17.418359611489098,17.171822829295714,17.525549516790569
2017-05-26,16.250000000000000,16.890000000000001,16.660000000000000,0.410000000000000,2.520000000000000,0.410000000000000,0.800428329078207,17.857302273698625,17.417836851596800,18.103831656828920
2017-05-31,17.000000000000000,17.000000000000000,16.289999999999999,-0.370000000000000,-2.220000000000000,-0.370000000000001,0.782658820172671,17.460870163222513,18.221902564443383,18.221902564443383
2017-06-01,16.050000000000001,16.140000000000001,15.750000000000000,-0.540000000000000,-3.310000000000000,-0.539999999999999,0.756752813224955,16.882915360819851,17.204494701025947,17.300968503087770
2017-06-02,15.869999999999999,16.670000000000002,16.570000000000000,0.820000000000000,5.210000000000000,0.820000000000000,0.796179634793976,17.762515251118565,17.012137419146143,17.869712084257483
2017-06-05,16.609999999999999,16.629999999999999,16.480000000000000,-0.090000000000000,-0.540000000000000,-0.090000000000000,0.791880264766088,17.666597668762527,17.805957965906888,17.827398011621408
2017-06-06,16.489999999999998,16.520000000000000,16.180000000000000,-0.300000000000000,-1.820000000000000,-0.300000000000001,0.777468043947345,17.345065591191048,17.677387614260837,17.709547810041787
2017-06-07,16.219999999999999,16.949999999999999,16.809999999999999,0.630000000000000,3.890000000000000,0.629999999999999,0.807711550856897,18.019788642688379,17.387327292350118,18.169864217344916
2017-06-08,16.809999999999999,16.969999999999999,16.629999999999999,-0.180000000000000,-1.070000000000000,-0.180000000000000,0.799069037262728,17.826976904211612,18.019932757654672,18.191449071826284
2017-06-09,16.600000000000001,16.809999999999999,16.730000000000000,0.100000000000000,0.600000000000000,0.100000000000001,0.803863451486305,17.933938765636885,17.794583592921239,18.019695795000359
2017-06-12,16.649999999999999,16.649999999999999,16.219999999999999,-0.510000000000000,-3.050000000000000,-0.510000000000002,0.779345616215973,17.386953633284961,17.847890135277101,17.847890135277101
2017-06-13,16.149999999999999,16.750000000000000,16.699999999999999,0.480000000000000,2.960000000000000,0.480000000000000,0.802414246455965,17.901607460830196,17.312033562419618,17.955205087958429
2017-06-14,16.640000000000001,16.850000000000001,16.710000000000001,0.010000000000000,0.060000000000000,0.010000000000002,0.802895695003839,17.912348425306693,17.837311657516658,18.062421960886763
2017-06-15,16.699999999999999,17.039999999999999,16.850000000000001,0.140000000000000,0.840000000000000,0.140000000000001,0.809640018841871,18.062812152079271,17.902015604731382,18.266487778719927
2017-06-16,16.770000000000000,16.879999999999999,16.579999999999998,-0.270000000000000,-1.600000000000000,-0.270000000000003,0.796685778540401,17.773807157646001,17.977487698053285,18.095408010920657
2017-06-19,16.550000000000001,16.750000000000000,16.640000000000001,0.060000000000000,0.360000000000000,0.060000000000002,0.799553847343147,17.837792863413526,17.741314416435930,17.955710965275031
2017-06-20,16.600000000000001,17.260000000000002,16.859999999999999,0.220000000000000,1.320000000000000,0.219999999999999,0.810107958128076,18.073251729210590,17.794542034691332,18.502035874624841
2017-06-21,16.719999999999999,16.719999999999999,16.620000000000001,-0.240000000000000,-1.420000000000000,-0.239999999999998,0.798604425122658,17.816611554655797,17.923811383504503,17.923811383504503
2017-06-22,16.640000000000001,17.050000000000001,16.680000000000000,0.060000000000000,0.360000000000000,0.059999999999999,0.801479401053099,17.880751356252560,17.837871856597278,18.277386728063920
2017-06-23,16.600000000000001,17.190000000000001,17.160000000000000,0.480000000000000,2.880000000000000,0.480000000000000,0.824562007803428,18.395716995312632,17.795390566561174,18.427877339710033
2017-06-26,17.239999999999998,17.340000000000000,17.180000000000000,0.020000000000000,0.120000000000000,0.020000000000000,0.825551482212793,18.417791855707009,18.482114760907383,18.589319602908006
2017-06-27,17.199999999999999,17.199999999999999,16.969999999999999,-0.210000000000000,-1.220000000000000,-0.210000000000001,0.815479754129797,18.193094795067381,18.439671801718266,18.439671801718266
2017-06-28,16.920000000000002,17.090000000000000,17.070000000000000,0.100000000000000,0.590000000000000,0.100000000000001,0.820291084679162,18.300434054358281,18.139621804319983,18.321875687696721
2017-06-29,17.050000000000001,17.090000000000000,16.930000000000000,-0.140000000000000,-0.820000000000000,-0.140000000000001,0.813564697784793,18.150370495112544,18.279020492715233,18.321903825249461
2017-06-30,16.930000000000000,16.969999999999999,16.760000000000002,-0.170000000000000,-1.000000000000000,-0.169999999999998,0.805429050806945,17.968866790161417,18.151128565479283,18.194013689083487
2017-07-03,16.800000000000001,17.120000000000001,17.120000000000001,0.360000000000000,2.150000000000000,0.359999999999999,0.822745775399295,18.355197426149886,18.012109623791943,18.355197426149886
2017-07-04,17.140000000000001,17.140000000000001,16.910000000000000,-0.210000000000000,-1.230000000000000,-0.210000000000001,0.812626002361883,18.129428497808245,18.376014456087127,18.376014456087127
2017-07-05,16.800000000000001,16.930000000000000,16.850000000000001,-0.060000000000000,-0.350000000000000,-0.059999999999999,0.809781811353617,18.065975498065917,18.012367262166613,18.151748675504805
2017-07-06,16.840000000000000,17.149999999999999,16.980000000000000,0.130000000000000,0.770000000000000,0.129999999999999,0.816017131301040,18.205083509401025,18.054982703080874,18.387348774218346
2017-07-07,16.870000000000001,16.899999999999999,16.629999999999999,-0.350000000000000,-2.060000000000000,-0.350000000000001,0.799207178396238,17.830058789107365,18.087377737356661,18.119542605887823
2017-07-10,16.670000000000002,16.710000000000001,16.280000000000001,-0.350000000000000,-2.100000000000000,-0.349999999999998,0.782423827649917,17.455627554536111,17.873790622488759,17.916679142278774
2017-07-11,16.329999999999998,16.420000000000002,16.280000000000001,0.000000000000000,0.000000000000000,0.000000000000000,0.782423827649917,17.455627554536111,17.509238204273625,17.605737373801162
2017-07-12,16.210000000000001,16.390000000000001,16.350000000000001,0.070000000000000,0.430000000000000,0.070000000000000,0.785788250108812,17.530686753020614,17.380576897031446,17.573575283303231
2017-07-13,16.289999999999999,16.430000000000000,16.370000000000001,0.020000000000000,0.120000000000000,0.020000000000000,0.786731196008943,17.551723577124243,17.465948507718625,17.616054879178453
2017-07-14,16.350000000000001,16.399999999999999,16.120000000000001,-0.250000000000000,-1.530000000000000,-0.250000000000000,0.774694208710006,17.283182206394244,17.529778478569845,17.583386363825408
2017-07-17,16.070000000000000,16.090000000000000,15.020000000000000,-1.100000000000000,-6.820000000000000,-1.100000000000001,0.721860063675983,16.104469179918155,17.230280940165429,17.251724973693950
2017-07-18,15.100000000000000,15.190000000000000,15.100000000000000,0.080000000000000,0.530000000000000,0.080000000000000,0.725685922013466,16.189822866571721,16.189822866571721,16.286318499551289
2017-07-19,15.029999999999999,15.220000000000001,15.199999999999999,0.100000000000000,0.660000000000000,0.100000000000000,0.730475449098755,16.296675697491093,16.114410245611257,16.318118691829898
2017-07-20,15.080000000000000,15.340000000000000,15.150000000000000,-0.050000000000000,-0.330000000000000,-0.049999999999999,0.728064880116729,16.242896667689372,16.167846980115890,16.446602962531678
2017-07-21,15.160000000000000,15.250000000000000,15.100000000000000,-0.050000000000000,-0.330000000000000,-0.050000000000001,0.725662266012344,16.189295108686000,16.253623433621176,16.350115921023939
2017-07-24,15.160000000000000,15.400000000000000,15.279999999999999,0.180000000000000,1.190000000000000,0.180000000000000,0.734297646977891,16.381947720479364,16.253293680789735,16.510601760168992
2017-07-25,15.289999999999999,15.380000000000001,15.180000000000000,-0.100000000000000,-0.650000000000000,-0.100000000000000,0.729524712272535,16.275465060296249,16.393403212907092,16.489898065043235
2017-07-26,15.180000000000000,15.310000000000000,15.220000000000001,0.040000000000000,0.260000000000000,0.040000000000001,0.731421476524443,16.317781269453018,16.274896167562208,16.414272748707337
2017-07-27,15.140000000000001,15.940000000000000,15.690000000000000,0.470000000000000,3.090000000000000,0.469999999999999,0.754022400149048,16.822000710679117,16.232319360081700,17.090037688223401
2017-07-28,15.609999999999999,15.800000000000001,15.640000000000001,-0.050000000000000,-0.320000000000000,-0.049999999999999,0.751609528468571,16.768170308404940,16.736006298861962,16.939711692634145
2017-07-31,15.690000000000000,15.779999999999999,15.650000000000000,0.030000000000000,0.190000000000000,0.010000000000000,0.753037586572662,16.800029831990912,16.842969205363413,16.939582795451539
2017-08-01,15.619999999999999,16.149999999999999,15.980000000000000,0.330000000000000,2.110000000000000,0.330000000000000,0.768926679649345,17.154510461445916,16.768050901613591,17.337005253588956
2017-08-02,15.920000000000000,16.300000000000001,15.699999999999999,-0.280000000000000,-1.750000000000000,-0.280000000000001,0.755470462755481,16.854306528370614,17.090481524309567,17.498420153658664
2017-08-03,15.690000000000000,15.880000000000001,15.630000000000001,-0.070000000000000,-0.450000000000000,-0.069999999999999,0.752070845673082,16.778462148992947,16.842870832866240,17.046831665131670
2017-08-04,15.680000000000000,15.750000000000000,15.430000000000000,-0.200000000000000,-1.280000000000000,-0.200000000000001,0.742444338848466,16.563697833485836,16.832066236491116,16.907209389332596
2017-08-07,15.440000000000000,15.670000000000000,15.529999999999999,0.100000000000000,0.650000000000000,0.100000000000000,0.747270227050981,16.671361869403494,16.574747409117190,16.821651029848855
2017-08-08,15.580000000000000,15.750000000000000,15.660000000000000,0.130000000000000,0.840000000000000,0.130000000000001,0.753547296958209,16.811401309106483,16.725519310081673,16.908018558009395
2017-08-09,15.690000000000000,15.760000000000000,15.590000000000000,-0.070000000000000,-0.450000000000000,-0.070000000000000,0.750156334121897,16.735750003215504,16.843099265583788,16.918243749241586
2017-08-10,15.760000000000000,15.840000000000000,15.500000000000000,-0.090000000000000,-0.580000000000000,-0.090000000000000,0.745805427383990,16.638682653196852,16.917783136411767,17.003660208170203
2017-08-11,15.380000000000001,15.770000000000000,15.500000000000000,0.000000000000000,0.000000000000000,0.000000000000000,0.745805427383990,16.638682653196852,16.509867045559201,16.928517770381571
2017-08-14,15.400000000000000,15.760000000000000,15.740000000000000,0.240000000000000,1.550000000000000,0.240000000000000,0.757365411508442,16.896582234321404,16.531598882372911,16.918051843259551
2017-08-15,15.750000000000000,15.990000000000000,15.800000000000001,0.060000000000000,0.380000000000000,0.060000000000000,0.760243400072174,16.960789246811828,16.907115863119387,17.164748104843110
2017-08-16,15.779999999999999,16.250000000000000,16.090000000000000,0.290000000000000,1.830000000000000,0.289999999999999,0.774155854293495,17.271171690028485,16.938414497740801,17.442917337660838
2017-08-17,16.000000000000000,16.000000000000000,15.940000000000000,-0.150000000000000,-0.930000000000000,-0.150000000000000,0.766956204848566,17.110549793311218,17.174955877853169,17.174955877853169
2017-08-18,15.800000000000001,15.920000000000000,15.779999999999999,-0.160000000000000,-1.000000000000000,-0.160000000000000,0.759286642800080,16.939444295378106,16.960913806525607,17.089730873410613
2017-08-21,15.750000000000000,16.350000000000001,16.300000000000001,0.520000000000000,3.290000000000000,0.520000000000001,0.784267173348203,17.496752012696046,16.906370809813662,17.550423031139900
2017-08-22,16.309999999999999,16.359999999999999,16.079999999999998,-0.220000000000000,-1.350000000000000,-0.220000000000002,0.773679566508002,17.260545860524651,17.507431777683898,17.561102629240256
2017-08-23,16.100000000000001,16.250000000000000,15.949999999999999,-0.130000000000000,-0.810000000000000,-0.129999999999999,0.767412762019287,17.120735439054400,17.281745490205385,17.442755541356366
2017-08-24,15.990000000000000,16.090000000000000,16.090000000000000,0.140000000000000,0.880000000000000,0.140000000000001,0.774165994325057,17.271397910918076,17.164055475175889,17.271397910918076
2017-08-25,16.270000000000000,16.430000000000000,16.170000000000002,0.080000000000000,0.500000000000000,0.080000000000002,0.778036824296682,17.357754900472667,17.465100323481153,17.636853000294735
2017-08-28,16.050000000000001,16.359999999999999,16.260000000000002,0.090000000000000,0.560000000000000,0.090000000000000,0.782393830512743,17.454958327915314,17.229525286779875,17.562307395122662
2017-08-29,16.149999999999999,16.309999999999999,16.010000000000002,-0.250000000000000,-1.540000000000000,-0.250000000000000,0.770344965522847,17.186151969665421,17.336436871336446,17.508191044674764
2017-08-30,16.010000000000002,16.090000000000000,15.900000000000000,-0.110000000000000,-0.690000000000000,-0.110000000000001,0.765029585260740,17.067567521074729,17.185645032226819,17.271519585791971
2017-08-31,15.859999999999999,16.010000000000002,15.880000000000001,-0.020000000000000,-0.130000000000000,-0.020000000000000,0.764035046799901,17.045379683297330,17.023911950698718,17.184919945188302
2017-09-01,15.900000000000000,15.949999999999999,15.920000000000000,0.040000000000000,0.250000000000000,0.039999999999999,0.765945134416900,17.087993132505574,17.066525804449661,17.120194124589439
2017-09-04,15.900000000000000,16.050000000000001,15.970000000000001,0.050000000000000,0.310000000000000,0.050000000000001,0.768319564333593,17.140965911216341,17.065833311730735,17.226831739199891
2017-09-05,15.970000000000001,16.340000000000000,16.190000000000001,0.220000000000000,1.380000000000000,0.220000000000001,0.778922374321396,17.377511240791129,17.141374584029297,17.538513506765103
2017-09-06,16.160000000000000,16.370000000000001,16.350000000000001,0.160000000000000,0.990000000000000,0.160000000000000,0.786633705827178,17.549548602074960,17.345608893549318,17.571015939814501
2017-09-07,16.410000000000000,16.410000000000000,16.059999999999999,-0.290000000000000,-1.770000000000000,-0.290000000000003,0.772710289234037,17.238921591818233,17.614614154529093,17.614614154529093
2017-09-08,16.059999999999999,16.120000000000001,15.970000000000001,-0.090000000000000,-0.560000000000000,-0.089999999999998,0.768383111614326,17.142383630904050,17.238990677039386,17.303395374462948
2017-09-11,16.390000000000001,17.350000000000001,17.079999999999998,1.110000000000000,6.950000000000000,1.109999999999998,0.821785737871522,18.333779293251883,17.593128958805526,18.623598989339591
2017-09-12,17.109999999999999,17.989999999999998,17.260000000000002,0.180000000000000,1.050000000000000,0.180000000000003,0.830414488119173,18.526283975831028,18.365279190409552,19.309840598215533
2017-09-13,17.609999999999999,17.780000000000001,17.500000000000000,0.240000000000000,1.390000000000000,0.239999999999998,0.841957249504030,18.783799323095081,18.901868918840250,19.084340112264602
2017-09-14,17.469999999999999,17.840000000000000,17.440000000000001,-0.060000000000000,-0.340000000000000,-0.059999999999999,0.839094594855716,18.719934405396558,18.752136127424187,19.149290699098312
2017-09-15,17.440000000000001,18.030000000000001,17.899999999999999,0.460000000000000,2.640000000000000,0.459999999999997,0.861246692159907,19.214140673699024,18.720369460855366,19.353684712111367
2017-09-18,17.980000000000000,18.020000000000000,17.789999999999999,-0.110000000000000,-0.610000000000000,-0.109999999999999,0.855993087337732,19.096934415589462,19.300892680848708,19.343831263008550
2017-09-19,17.719999999999999,17.800000000000001,17.270000000000000,-0.520000000000000,-2.920000000000000,-0.520000000000000,0.830998089187470,18.539303930654249,19.022377860520745,19.108257670274792
2017-09-20,17.329999999999998,17.559999999999999,17.350000000000001,0.080000000000000,0.460000000000000,0.080000000000002,0.834820680397732,18.624584728735257,18.603115466800112,18.850011979054241
2017-09-21,17.390000000000001,17.750000000000000,17.710000000000001,0.360000000000000,2.080000000000000,0.359999999999999,0.852184950550005,19.011976091092951,18.668450831400701,19.054916748554479
2017-09-22,17.390000000000001,17.760000000000002,17.340000000000000,-0.370000000000000,-2.090000000000000,-0.370000000000001,0.834374285083510,18.614625790789109,18.668301182342713,19.065499079839366
2017-09-25,17.190000000000001,17.329999999999998,16.809999999999999,-0.530000000000000,-3.060000000000000,-0.530000000000001,0.808842431959955,18.045018241590963,18.452936559961255,18.603222256202937
2017-09-26,16.809999999999999,16.910000000000000,16.870000000000001,0.060000000000000,0.360000000000000,0.060000000000002,0.811754264715010,18.109980307260692,18.045570181686557,18.152920390976782
2017-09-27,16.829999999999998,17.090000000000000,17.000000000000000,0.130000000000000,0.770000000000000,0.129999999999999,0.818004772553316,18.249427155626599,18.066932884070329,18.346041769979916
2017-09-28,17.120000000000001,17.190000000000001,16.649999999999999,-0.350000000000000,-2.060000000000000,-0.350000000000001,0.801153874238718,17.873488956220694,18.378025881711611,18.453169679125150
2017-09-29,16.649999999999999,17.199999999999999,17.079999999999998,0.430000000000000,2.580000000000000,0.430000000000000,0.821823644194077,18.334624971291188,17.873038979625193,18.463439666639839
2017-10-09,17.079999999999998,17.440000000000001,17.100000000000001,0.020000000000000,0.120000000000000,0.020000000000003,0.822809832567110,18.356626521256739,18.335156782635384,18.721612077819739
2017-10-10,17.100000000000001,17.149999999999999,16.989999999999998,-0.110000000000000,-0.640000000000000,-0.110000000000003,0.817543849638680,18.239144111520694,18.357231566039076,18.410907681729245
2017-10-11,17.000000000000000,17.079999999999998,16.510000000000002,-0.480000000000000,-2.830000000000000,-0.479999999999997,0.794407358693906,17.722976333164659,18.248976236450584,18.334853771680940
2017-10-12,16.520000000000000,16.579999999999998,16.559999999999999,0.050000000000000,0.300000000000000,0.049999999999997,0.796790580769987,17.776145262164153,17.733207713221731,17.797614036635366
2017-10-13,16.559999999999999,16.670000000000002,16.600000000000001,0.040000000000000,0.240000000000000,0.040000000000003,0.798702878163835,17.818808010793344,17.775871124020345,17.893947562646087
2017-10-16,17.180000000000000,17.280000000000001,16.699999999999999,0.100000000000000,0.600000000000000,0.099999999999998,0.803495095432818,17.925720858858107,18.440951158992952,18.548290804854375
2017-10-17,16.620000000000001,16.649999999999999,16.500000000000000,-0.200000000000000,-1.200000000000000,-0.199999999999999,0.793853154287624,17.710612208551808,17.839416660977641,17.871617774084097
2017-10-18,16.530000000000001,16.730000000000000,16.359999999999999,-0.140000000000000,-0.850000000000000,-0.140000000000001,0.787105402476180,17.560072004779119,17.742542190647853,17.957212997552240
2017-10-19,16.140000000000001,16.379999999999999,16.180000000000000,-0.180000000000000,-1.100000000000000,-0.180000000000000,0.778447243048942,17.366911212726546,17.323976945204354,17.581582550337505
2017-10-20,16.149999999999999,16.359999999999999,16.329999999999998,0.150000000000000,0.930000000000000,0.149999999999999,0.785686802409297,17.528423487004908,17.335213675145699,17.560625122314779
2017-10-23,16.300000000000001,16.579999999999998,16.500000000000000,0.170000000000000,1.040000000000000,0.170000000000002,0.793857945154353,17.710719091269759,17.496043708345276,17.796589244439549
2017-10-24,16.469999999999999,16.480000000000000,16.260000000000002,-0.240000000000000,-1.460000000000000,-0.239999999999998,0.782267619155100,17.452142592537221,17.677539268086594,17.688272443112755
2017-10-25,16.350000000000001,16.559999999999999,16.449999999999999,0.190000000000000,1.170000000000000,0.189999999999998,0.791420150299215,17.656332660869907,17.548999331624501,17.774399323039859
2017-10-26,16.480000000000000,16.850000000000001,16.789999999999999,0.340000000000000,2.070000000000000,0.340000000000000,0.807802547410408,18.021818746949915,17.689075220353462,18.086220719839552
2017-10-27,16.780000000000001,16.789999999999999,16.489999999999998,-0.300000000000000,-1.790000000000000,-0.300000000000001,0.793342881811762,17.699228191379511,18.010494181403775,18.021227491404606
2017-10-30,16.489999999999998,16.640000000000001,15.810000000000000,-0.680000000000000,-4.120000000000000,-0.679999999999998,0.760657155081118,16.970019989894674,17.699913322793368,17.860919205050433
2017-10-31,15.890000000000001,15.940000000000000,15.830000000000000,0.020000000000000,0.130000000000000,0.020000000000000,0.761646009382723,16.992081015881539,17.056485618594927,17.110156120856079
2017-11-01,15.949999999999999,16.059999999999999,15.859999999999999,0.030000000000000,0.190000000000000,0.029999999999999,0.763093136800550,17.024365969811715,17.120973342906485,17.239049021133425
2017-11-02,15.900000000000000,15.900000000000000,15.670000000000000,-0.190000000000000,-1.200000000000000,-0.190000000000000,0.753936019158944,16.820073578173972,17.066954045498800,17.066954045498800
2017-11-03,15.539999999999999,15.770000000000000,15.590000000000000,-0.080000000000000,-0.510000000000000,-0.080000000000000,0.750090945461233,16.734291202925288,16.680621250382231,16.927503032080295
2017-11-06,15.600000000000000,15.690000000000000,15.690000000000000,0.100000000000000,0.640000000000000,0.100000000000000,0.754891527512185,16.841390666624008,16.744786131251406,16.841390666624008
2017-11-07,15.730000000000000,15.730000000000000,15.710000000000001,0.020000000000000,0.130000000000000,0.020000000000001,0.755872886497951,16.863284474490619,16.884752691517342,16.884752691517342
2017-11-08,15.710000000000001,15.850000000000000,15.699999999999999,-0.010000000000000,-0.060000000000000,-0.010000000000002,0.755419362766052,16.853166503805927,16.863901004763768,17.014184018173502
2017-11-09,15.800000000000001,15.960000000000001,15.830000000000000,0.130000000000000,0.830000000000000,0.130000000000001,0.761689343477010,16.993047785787514,16.960843652270547,17.132599031027716
2017-11-10,15.880000000000001,15.980000000000000,15.910000000000000,0.080000000000000,0.510000000000000,0.080000000000000,0.765573959128743,17.079712329495031,17.047506712280395,17.154858769662514
2017-11-13,15.880000000000001,16.140000000000001,15.980000000000000,0.070000000000000,0.440000000000000,0.070000000000000,0.768942484548909,17.154863063744809,17.047510979491086,17.326626398550765
2017-11-14,15.779999999999999,15.920000000000000,15.550000000000001,-0.430000000000000,-2.690000000000000,-0.430000000000000,0.748257931714544,16.693397247330076,16.940309232338816,17.090603484083264
2017-11-15,15.570000000000000,15.650000000000000,15.190000000000000,-0.360000000000000,-2.310000000000000,-0.360000000000001,0.730973173491938,16.307779770916749,16.715742661828429,16.801629586230884
2017-11-16,15.150000000000000,15.420000000000000,15.160000000000000,-0.030000000000000,-0.200000000000000,-0.029999999999999,0.729511227144954,16.275164211374918,16.264428614929422,16.554289718957865
2017-11-17,15.270000000000000,15.279999999999999,14.550000000000001,-0.610000000000000,-4.020000000000000,-0.609999999999999,0.700184875813727,15.620902610077644,16.393895728926843,16.404631744466418
2017-11-20,14.570000000000000,14.699999999999999,14.430000000000000,-0.120000000000000,-0.820000000000000,-0.120000000000001,0.694443359832054,15.492811208675009,15.643122613332979,15.782697489086807
2017-11-21,14.390000000000001,14.630000000000001,14.449999999999999,0.020000000000000,0.140000000000000,0.020000000000000,0.695415580535819,15.514501144367154,15.450081070411304,15.707761366234706
2017-11-22,14.539999999999999,14.650000000000000,14.630000000000001,0.180000000000000,1.250000000000000,0.180000000000001,0.704108275292517,15.708432408671744,15.611798169657357,15.729906684008276
2017-11-23,14.500000000000000,14.609999999999999,14.170000000000000,-0.460000000000000,-3.140000000000000,-0.460000000000001,0.681999275448332,15.215187631039452,15.569528627386877,15.687642292836019
2017-11-24,14.029999999999999,14.400000000000000,14.289999999999999,0.120000000000000,0.850000000000000,0.119999999999999,0.687796269289643,15.344516725903288,15.065330277426391,15.462634069489670
2017-11-27,14.270000000000000,14.340000000000000,14.080000000000000,-0.210000000000000,-1.470000000000000,-0.209999999999999,0.677685664131085,15.118952330032508,15.322972283349706,15.398137529308677
2017-11-28,14.130000000000001,14.320000000000000,14.260000000000000,0.180000000000000,1.280000000000000,0.180000000000000,0.686360040631963,15.312474919856925,15.172880127459912,15.376903285578624
2017-11-29,14.279999999999999,14.330000000000000,14.060000000000000,-0.200000000000000,-1.400000000000000,-0.199999999999999,0.676751000063115,15.098100270978927,15.334343660709749,15.388035340194026
2017-11-30,14.070000000000000,14.190000000000000,14.070000000000000,0.010000000000000,0.070000000000000,0.010000000000000,0.677224725763160,15.108668941168611,15.108668941168611,15.237527524888600
2017-12-01,14.080000000000000,14.250000000000000,14.190000000000000,0.120000000000000,0.850000000000000,0.119999999999999,0.682981135932146,15.237092627168545,15.118975630058712,15.301520080137546
2017-12-04,14.199999999999999,14.279999999999999,14.060000000000000,-0.130000000000000,-0.920000000000000,-0.129999999999999,0.676697709481571,15.096911374998593,15.247236239330013,15.333136161805113
2017-12-05,14.070000000000000,14.150000000000000,13.380000000000001,-0.680000000000000,-4.840000000000000,-0.680000000000000,0.643945540342663,14.366220864448662,15.107079787951621,15.192976474734570
2017-12-06,13.160000000000000,13.539999999999999,13.420000000000000,0.040000000000000,0.300000000000000,0.039999999999999,0.645877376963691,14.409319527042006,14.130152382702892,14.538165901352368
2017-12-07,13.539999999999999,13.880000000000001,13.670000000000000,0.250000000000000,1.860000000000000,0.250000000000000,0.657890696175215,14.677332870244987,14.537753259920784,14.902807625384085
2017-12-08,13.690000000000000,13.869999999999999,13.650000000000000,-0.020000000000000,-0.150000000000000,-0.020000000000000,0.656903860130952,14.655316870939620,14.698262854444204,14.891519780214837
2017-12-11,13.770000000000000,13.990000000000000,13.920000000000000,0.270000000000000,1.980000000000000,0.270000000000000,0.669910556561545,14.945492144984227,14.784441583077069,15.020649073874234
2017-12-12,13.930000000000000,14.000000000000000,13.810000000000000,-0.110000000000000,-0.790000000000000,-0.109999999999999,0.664618263164709,14.827422757038851,14.956263505108701,15.031420608149451
2017-12-13,13.810000000000000,13.850000000000000,13.660000000000000,-0.150000000000000,-1.090000000000000,-0.150000000000000,0.657373924096214,14.665803848987128,14.826848547182449,14.869793800034531
2017-12-14,13.670000000000000,13.840000000000000,13.730000000000000,0.070000000000000,0.510000000000000,0.070000000000000,0.660726531109105,14.740599448616964,14.676183136387028,14.858696021038513
