index_code,date,open,close,low,high,volume,money,change
sz399905,2014-12-31,5274.65,5322.71,5241.36,5322.71,9368289900.0,1.04486e+11,0.00902904882101
sz399905,2014-12-30,5357.39,5275.09,5261.62,5366.16,9891032800.0,1.14208e+11,-0.0172425966957
sz399905,2014-12-29,5436.49,5367.64,5330.33,5436.49,12069624100.0,1.36057e+11,-0.0101634760659
sz399905,2014-12-26,5370.33,5422.75,5359.53,5423.35,10578671400.0,1.19121e+11,0.0108467362579
sz399905,2014-12-25,5279.3,5364.56,5272.32,5365.07,8976662400.0,1.00095e+11,0.0194205457052
sz399905,2014-12-24,5212.07,5262.37,5197.72,5263.2,8614574700.0,95316706929.0,0.0132165333455
sz399905,2014-12-23,5273.99,5193.72,5187.63,5316.72,9528258800.0,1.04442e+11,-0.0210146292069
sz399905,2014-12-22,5523.66,5305.21,5279.96,5523.96,15132754000.0,1.61635e+11,-0.0396285599775
sz399905,2014-12-19,5554.67,5524.12,5423.75,5558.18,13338714600.0,1.48956e+11,-0.00610340506419
sz399905,2014-12-18,5551.04,5558.05,5543.4,5598.99,10713899800.0,1.23272e+11,0.000136577458853
sz399905,2014-12-17,5597.88,5557.29,5488.8,5597.88,13313451100.0,1.50578e+11,-0.00881214648278
sz399905,2014-12-16,5590.27,5606.69,5548.96,5609.68,12511682300.0,1.44131e+11,0.00413640167799
sz399905,2014-12-15,5485.13,5583.6,5466.79,5588.85,12968103200.0,1.48825e+11,0.0164561639846
sz399905,2014-12-12,5457.23,5493.2,5437.66,5498.95,11656282900.0,1.28461e+11,0.00710558346654
sz399905,2014-12-11,5366.21,5454.44,5341.86,5454.92,13986962800.0,1.52239e+11,0.0149506047249
sz399905,2014-12-10,5184.02,5374.1,5151.0,5374.23,13131167300.0,1.43553e+11,0.0343940396573
sz399905,2014-12-09,5392.95,5195.41,5181.52,5465.09,19760866600.0,2.18571e+11,-0.0401406033321
sz399905,2014-12-08,5310.57,5412.67,5266.02,5435.79,15240200200.0,1.73053e+11,0.0147700778343
sz399905,2014-12-05,5462.76,5333.89,5185.36,5464.23,17243698200.0,1.92822e+11,-0.0216564238709
sz399905,2014-12-04,5345.01,5451.96,5343.13,5452.34,15212197500.0,1.68985e+11,0.0211569384183
sz399905,2014-12-03,5284.57,5339.01,5245.36,5339.25,15294699000.0,1.6413e+11,0.0116240975872
sz399905,2014-12-02,5201.37,5277.66,5196.09,5278.65,10940700400.0,1.17628e+11,0.0133479540389
sz399905,2014-12-01,5246.43,5208.14,5181.1,5247.01,11592338900.0,1.20869e+11,-0.0070783813293
sz399905,2014-11-28,5249.67,5245.27,5193.35,5261.16,12536175200.0,1.30493e+11,-0.00116578680421
sz399905,2014-11-27,5229.4,5251.39,5202.76,5251.7,12058736700.0,1.25433e+11,0.00713032271427
sz399905,2014-11-26,5198.13,5214.21,5168.18,5215.64,10988009700.0,1.17427e+11,0.00485816055923
sz399905,2014-11-25,5118.69,5189.0,5106.52,5189.43,10777001600.0,1.13198e+11,0.0150391647769
sz399905,2014-11-24,5088.23,5112.12,5065.19,5130.03,11851560600.0,1.18607e+11,0.0163717129978
sz399905,2014-11-21,4975.54,5029.77,4975.44,5029.78,7286676200.0,74666845524.0,0.0110856574947
sz399905,2014-11-20,4972.74,4974.63,4961.6,4990.94,5967675500.0,60572567731.0,-0.00210126133854
sz399905,2014-11-19,4967.64,4985.1,4959.5,5002.44,6816471500.0,68842441796.0,0.00351272663881
sz399905,2014-11-18,4951.59,4967.65,4947.02,4973.86,6349050000.0,62652364495.0,0.00185238741175
sz399905,2014-11-17,4925.47,4958.47,4894.65,4982.52,6843922200.0,70056723948.0,0.00995130162096
sz399905,2014-11-14,4901.14,4909.61,4862.39,4920.09,6575380900.0,65868662494.0,-0.00245079364305
sz399905,2014-11-13,4963.73,4921.67,4889.37,4967.21,8706349800.0,88982956345.0,-0.00880354872856
sz399905,2014-11-12,4866.43,4965.38,4855.63,4965.38,7286072900.0,72056522141.0,0.0171882297992
sz399905,2014-11-11,5038.68,4881.48,4842.5,5041.33,10650660200.0,1.04909e+11,-0.029719930487
sz399905,2014-11-10,4989.44,5031.0,4973.32,5031.2,8524291800.0,85303607050.0,0.0107983215648
sz399905,2014-11-07,5029.8,4977.26,4956.87,5049.28,9620128500.0,97187742398.0,-0.00947153028311
sz399905,2014-11-06,4992.72,5024.85,4959.73,5025.23,7965074100.0,80227181703.0,0.00588636483291
sz399905,2014-11-05,5004.89,4995.44,4976.13,5013.61,8467857200.0,81152275617.0,-0.00160428662508
sz399905,2014-11-04,5028.54,5003.47,4983.05,5036.1,9380765100.0,91176863840.0,-0.00501680554291
sz399905,2014-11-03,4993.17,5028.7,4992.53,5028.76,9219743500.0,91560095721.0,0.00847943693426
sz399905,2014-10-31,4999.0,4986.42,4945.29,5012.26,9166905900.0,92182213087.0,-0.00124463459139
sz399905,2014-10-30,4988.97,4992.63,4975.79,5021.19,9916860400.0,98486130913.0,0.000175289051646
sz399905,2014-10-29,4938.72,4991.76,4923.52,4999.96,10560867100.0,1.06416e+11,0.0135635757078
sz399905,2014-10-28,4819.55,4924.96,4819.55,4925.09,7511301400.0,76495547386.0,0.0240017814675
sz399905,2014-10-27,4762.52,4809.52,4739.33,4809.94,5600358600.0,55268773413.0,0.00729935874049
sz399905,2014-10-24,4757.09,4774.67,4754.89,4800.36,5633389600.0,55331137358.0,0.00408707799895
sz399905,2014-10-23,4815.12,4755.23,4732.76,4832.43,6501240100.0,65545609739.0,-0.0145842731974
sz399905,2014-10-22,4881.51,4825.61,4821.19,4902.78,6136080800.0,64013598945.0,-0.0119604244369
sz399905,2014-10-21,4929.23,4884.02,4878.18,4942.46,6781318300.0,69276410674.0,-0.00915693546162
sz399905,2014-10-20,4873.46,4929.16,4869.88,4929.47,6459660300.0,67365828243.0,0.0140777150437
sz399905,2014-10-17,4894.59,4860.73,4771.77,4914.66,8522981700.0,84583435055.0,-0.00927634255451
sz399905,2014-10-16,4962.58,4906.24,4906.24,5007.28,9575317500.0,97600209795.0,-0.0163327557132
sz399905,2014-10-15,4967.23,4987.71,4922.48,4988.18,8198574800.0,84289749588.0,0.00435433721104
sz399905,2014-10-14,4978.9,4966.08,4933.6,5013.95,8229218800.0,85600756875.0,-0.00333113839718
sz399905,2014-10-13,4964.23,4982.68,4906.16,4982.68,8313454600.0,86362918234.0,0.000166203217959
sz399905,2014-10-10,4987.04,4981.85,4952.19,5007.13,9612392700.0,98663729327.0,-0.00442605826817
sz399905,2014-10-09,4996.66,5004.0,4936.73,5010.83,10430328400.0,1.06971e+11,0.00209671272693
sz399905,2014-10-08,4935.05,4993.53,4913.68,4993.61,9035851200.0,92697659105.0,0.0157465675668
sz399905,2014-09-30,4886.56,4916.12,4877.88,4921.08,8175504700.0,84266876755.0,0.0079312179455
sz399905,2014-09-29,4847.82,4877.44,4847.82,4880.16,8091809100.0,82373936871.0,0.00983450087838
sz399905,2014-09-26,4803.44,4829.94,4787.31,4833.8,7296852300.0,75214793503.0,0.00315697540986
sz399905,2014-09-25,4826.99,4814.74,4797.27,4861.8,9233939600.0,92849405302.0,-0.000202462357576
sz399905,2014-09-24,4746.62,4815.71,4733.56,4816.18,8489014300.0,85795434685.0,0.0128800842659
sz399905,2014-09-23,4693.37,4754.47,4692.9,4754.47,7167912800.0,72122820292.0,0.0128334173727
sz399905,2014-09-22,4753.8,4694.23,4682.62,4753.8,7766707300.0,75028837431.0,-0.0135536247404
sz399905,2014-09-19,4718.78,4758.73,4705.09,4762.17,7389142500.0,71508698238.0,0.00841659763734
sz399905,2014-09-18,4679.11,4719.01,4663.15,4719.58,7791305700.0,70041531635.0,0.00703407370861
sz399905,2014-09-17,4649.61,4686.05,4604.67,4686.39,8627612900.0,80739930253.0,0.00871824323772
sz399905,2014-09-16,4809.44,4645.55,4643.86,4816.32,11731022900.0,1.15747e+11,-0.0336988344387
sz399905,2014-09-15,4759.77,4807.56,4752.85,4810.07,9287306400.0,93727091981.0,0.0106383314179
sz399905,2014-09-12,4698.11,4756.95,4689.63,4757.04,7855002500.0,78101715993.0,0.0110536963049
sz399905,2014-09-11,4707.05,4704.94,4670.64,4762.13,9766970500.0,99548941521.0,-0.00105458513105
sz399905,2014-09-10,4686.12,4709.91,4662.18,4713.96,8618734400.0,86626217303.0,0.00174617728613
sz399905,2014-09-09,4672.11,4701.7,4643.38,4701.94,8928430600.0,90541430064.0,0.007548525932
sz399905,2014-09-05,4654.52,4666.47,4629.18,4666.92,9082661700.0,91527801339.0,0.00399923750281
sz399905,2014-09-04,4611.56,4647.89,4598.86,4648.22,9431810000.0,95294218772.0,0.0085339076852
sz399905,2014-09-03,4582.48,4608.56,4571.95,4612.33,8792713400.0,91114137216.0,0.00708831936225
sz399905,2014-09-02,4519.24,4576.12,4514.73,4576.12,8415383800.0,87290950658.0,0.0152365798606
sz399905,2014-09-01,4436.55,4507.44,4436.11,4507.49,5768541800.0,62594382274.0,0.0179686481948
sz399905,2014-08-29,4378.62,4427.88,4370.85,4427.88,4372281200.0,45962091441.0,0.0105865716123
sz399905,2014-08-28,4423.76,4381.49,4368.67,4431.58,5435598200.0,55709092923.0,-0.0089835094992
sz399905,2014-08-27,4401.88,4421.21,4401.67,4432.15,5435973800.0,57056865409.0,0.00309103300944
sz399905,2014-08-26,4474.45,4407.59,4390.11,4490.9,6960691100.0,68801722151.0,-0.0177293252587
sz399905,2014-08-25,4521.81,4487.14,4476.2,4522.7,6797546900.0,69175500425.0,-0.0076541128306
sz399905,2014-08-22,4491.63,4521.75,4478.79,4526.24,7203475900.0,71989848481.0,0.00585304219387
sz399905,2014-08-21,4498.49,4495.44,4442.64,4501.66,7225705400.0,72267555378.0,-0.000435585101522
sz399905,2014-08-20,4495.82,4497.4,4481.92,4521.25,7636869200.0,74592337197.0,0.000102514199662
sz399905,2014-08-19,4491.17,4496.94,4461.98,4500.8,7752149100.0,80824709275.0,0.00298736892066
sz399905,2014-08-18,4434.18,4483.54,4434.18,4483.57,7152626100.0,72487150029.0,0.0135427055933
sz399905,2014-08-15,4372.77,4423.64,4368.34,4428.97,6497228700.0,64887976007.0,0.0114626624327
sz399905,2014-08-14,4397.21,4373.5,4368.71,4426.47,7461788000.0,71659794240.0,-0.00643031081085
sz399905,2014-08-13,4399.4,4401.81,4347.37,4410.46,7311060000.0,72425032488.0,0.000455247344997
sz399905,2014-08-12,4378.25,4399.81,4370.23,4400.0,6726292900.0,66976600235.0,0.00520628427847
sz399905,2014-08-11,4317.35,4377.02,4317.35,4377.24,6479859200.0,63782885172.0,0.0151497194724
sz399905,2014-08-08,4287.94,4311.7,4283.61,4317.93,5739771600.0,56641088555.0,0.00597444290717
sz399905,2014-08-07,4329.3,4286.09,4284.22,4348.19,7113573800.0,67096777592.0,-0.00982095600865
sz399905,2014-08-06,4291.63,4328.6,4276.68,4336.76,7450724800.0,70105526860.0,0.00662330353571
sz399905,2014-08-05,4284.15,4300.12,4262.76,4300.51,7437961600.0,68408087519.0,0.00497166643257
sz399905,2014-08-04,4213.11,4278.85,4213.11,4278.85,6608314800.0,61712975929.0,0.016300339721
sz399905,2014-08-01,4242.3,4210.22,4201.92,4268.43,7817189300.0,74451501289.0,-0.0109996488174
sz399905,2014-07-31,4211.07,4257.05,4208.57,4257.41,6571104000.0,65347460960.0,0.0100143872739
sz399905,2014-07-30,4198.41,4214.84,4184.35,4220.21,6914667600.0,68380608506.0,0.00165737374467
sz399905,2014-07-29,4173.17,4207.86,4167.27,4221.58,8076083100.0,75538996027.0,0.0094734804203
sz399905,2014-07-28,4106.99,4168.37,4106.99,4168.39,7952835100.0,70428854394.0,0.0192116926961
sz399905,2014-07-25,4052.03,4089.8,4047.87,4089.8,5504340800.0,49022362222.0,0.00877554096062
sz399905,2014-07-24,4055.15,4054.22,4013.56,4073.86,6273828700.0,54485179264.0,-0.000712329185803
sz399905,2014-07-23,4083.08,4057.11,4042.04,4094.65,5851827600.0,52667947011.0,-0.00641027524877
sz399905,2014-07-22,4024.42,4083.29,4023.02,4086.11,5467301600.0,50308587198.0,0.0131619887838
sz399905,2014-07-21,4038.74,4030.24,4017.45,4048.94,4418609400.0,40783090203.0,-0.00303746102989
sz399905,2014-07-18,4018.36,4042.52,4012.51,4066.18,4958258600.0,44684250153.0,0.00274864564523
sz399905,2014-07-17,4055.91,4031.44,4006.28,4055.91,4998835800.0,44531890407.0,-0.00755246215091
sz399905,2014-07-16,4089.65,4062.12,4046.55,4105.02,5941441700.0,54188896321.0,-0.00757223169749
sz399905,2014-07-15,4089.35,4093.11,4063.6,4098.28,6683399800.0,60773689964.0,0.000564925899616
sz399905,2014-07-14,4033.71,4090.8,4033.7,4090.8,6059248000.0,58095423357.0,0.0151500675848
sz399905,2014-07-11,3979.73,4029.75,3978.1,4033.89,5307468700.0,52241335022.0,0.0119413951792
sz399905,2014-07-10,3980.5,3982.2,3975.7,4008.13,4870848400.0,49693965459.0,-5.172754949e-05
sz399905,2014-07-09,4033.82,3982.4,3981.25,4047.38,5694464500.0,56785289590.0,-0.0141849396503
sz399905,2014-07-08,4012.55,4039.71,3982.33,4039.92,5018074400.0,50114329367.0,0.00628199660829
sz399905,2014-07-07,4004.1,4014.49,3992.28,4024.37,5119715300.0,48129086313.0,0.00247892340759
sz399905,2014-07-04,4018.39,4004.56,3997.76,4022.22,5516638900.0,49997473982.0,-0.00375306587867
sz399905,2014-07-03,3978.82,4019.65,3972.12,4026.07,6118409400.0,55067891148.0,0.0101366819876
sz399905,2014-07-02,3950.47,3979.31,3937.24,3979.37,5296635700.0,49258527917.0,0.00698024103898
sz399905,2014-07-01,3927.48,3951.73,3917.53,3951.92,4881398500.0,46780257365.0,0.00683405424287
sz399905,2014-06-30,3895.15,3924.9,3889.65,3925.44,4920966300.0,45852764409.0,0.00914812166539
sz399905,2014-06-27,3861.1,3889.32,3853.75,3905.54,4847612000.0,44256525709.0,0.00708787011743
sz399905,2014-06-26,3812.91,3861.95,3812.91,3863.1,4055070100.0,38363054368.0,0.012564138195
sz399905,2014-06-25,3835.59,3814.03,3803.29,3835.59,3041989400.0,29769187329.0,-0.00655682963365
sz399905,2014-06-24,3814.53,3839.2,3812.75,3839.59,3414969400.0,33396771453.0,0.00611235314327
sz399905,2014-06-23,3790.84,3815.88,3790.84,3827.83,3220035100.0,30811520126.0,0.00700306280088
sz399905,2014-06-20,3751.18,3789.34,3751.08,3789.41,2933163000.0,27250323579.0,0.00895919635625
sz399905,2014-06-19,3853.59,3755.69,3739.41,3860.3,4335149000.0,40226893351.0,-0.0265428647632
sz399905,2014-06-18,3878.69,3858.1,3855.23,3881.39,4068867100.0,39421196527.0,-0.00547644137772
sz399905,2014-06-17,3909.62,3879.34,3876.23,3909.62,3986075400.0,39004922894.0,-0.00910272616904
sz399905,2014-06-16,3893.92,3914.98,3893.17,3915.22,3929475800.0,41025140790.0,0.00601918460914
sz399905,2014-06-13,3846.62,3891.56,3843.62,3894.54,3984079700.0,40322196684.0,0.0107643593837
sz399905,2014-06-12,3851.23,3850.11,3832.94,3857.91,3513491800.0,34175926746.0,-0.00205751556939
sz399905,2014-06-11,3838.67,3858.05,3832.53,3859.03,3191529500.0,32291652022.0,0.00469581009886
sz399905,2014-06-10,3801.51,3840.02,3784.05,3840.24,3029738700.0,30344459226.0,0.0112154828965
sz399905,2014-06-09,3809.59,3797.43,3795.17,3830.6,2681952300.0,26434007582.0,-0.00547464037317
sz399905,2014-06-06,3833.38,3818.33,3800.09,3837.4,2992632200.0,28796450162.0,-0.00358084630831
sz399905,2014-06-05,3783.88,3832.06,3779.99,3832.38,2958072700.0,28079556690.0,0.0112846878601
sz399905,2014-06-04,3820.5,3789.29,3760.29,3820.76,3024040700.0,28984446831.0,-0.0088158583436
sz399905,2014-06-03,3833.12,3823.0,3821.43,3845.48,2999034900.0,29083106868.0,-0.00163034962551
sz399905,2014-05-30,3818.47,3829.24,3798.81,3840.86,3427464400.0,33610816359.0,0.00192916184681
sz399905,2014-05-29,3862.3,3821.87,3821.42,3874.1,3736467400.0,37967022147.0,-0.0102861827828
sz399905,2014-05-28,3818.35,3861.59,3813.0,3862.1,3677476500.0,35782559652.0,0.0113311554133
sz399905,2014-05-27,3825.37,3818.32,3812.89,3834.42,3274276000.0,31962326173.0,-0.00239452152287
sz399905,2014-05-26,3798.73,3827.49,3798.73,3827.59,3339637200.0,33591791346.0,0.0108076902457
sz399905,2014-05-23,3742.99,3786.56,3742.98,3786.56,2887723300.0,26927286960.0,0.0107905737639
sz399905,2014-05-22,3748.93,3746.14,3744.6,3788.06,3096098500.0,28187212018.0,-0.000318626522216
sz399905,2014-05-21,3708.12,3747.33,3680.89,3747.55,2404689100.0,21705642894.0,0.00851089024709
sz399905,2014-05-20,3720.23,3715.71,3708.14,3748.75,2484602200.0,23170288220.0,0.00279216832678
sz399905,2014-05-19,3722.39,3705.36,3679.64,3722.39,2420359100.0,21748598388.0,-0.00571343316904
sz399905,2014-05-16,3722.56,3726.66,3685.07,3733.28,2671334600.0,23727980955.0,-0.00152210263971
sz399905,2014-05-15,3797.12,3732.34,3728.32,3799.08,3077118200.0,27786830239.0,-0.0187880392334
sz399905,2014-05-14,3805.15,3803.8,3796.11,3816.41,2830755500.0,24921685301.0,-0.000810898134698
sz399905,2014-05-13,3810.49,3806.89,3788.46,3819.75,3581498000.0,31736405914.0,-0.00153904339064
sz399905,2014-05-12,3738.67,3812.76,3730.95,3812.83,4245480900.0,36840651775.0,0.0260321386687
sz399905,2014-05-09,3748.49,3716.02,3688.05,3752.46,2948883400.0,25743202457.0,-0.0101195761014
sz399905,2014-05-08,3740.25,3754.01,3733.75,3798.22,3051595300.0,26226566995.0,0.00107894340347
sz399905,2014-05-07,3806.84,3749.97,3747.79,3806.84,2936363100.0,26315376425.0,-0.0178143939989
sz399905,2014-05-06,3795.36,3817.98,3790.51,3831.41,3060038400.0,28050980592.0,0.00518444099026
sz399905,2014-05-05,3761.23,3798.29,3746.19,3798.36,2861542100.0,24739037389.0,0.00852802714694
sz399905,2014-04-30,3734.8,3766.17,3728.41,3770.73,2659282800.0,23450154334.0,0.00728658443628
sz399905,2014-04-29,3678.62,3738.93,3678.01,3739.25,2829741800.0,24757446877.0,0.0147459977262
sz399905,2014-04-28,3785.96,3684.59,3679.96,3785.96,3667033000.0,31495246462.0,-0.0305439998779
sz399905,2014-04-25,3879.45,3800.68,3797.47,3886.76,3600061900.0,31763963150.0,-0.0216561371969
sz399905,2014-04-24,3924.45,3884.81,3884.59,3931.51,3234572000.0,29781616866.0,-0.0113789834649
sz399905,2014-04-23,3942.5,3929.53,3913.18,3956.41,3074191200.0,29374317387.0,-0.00447003915971
sz399905,2014-04-22,3957.22,3947.17,3889.78,3974.63,4193482000.0,39218301992.0,-0.00458170390058
sz399905,2014-04-21,4004.61,3965.34,3962.29,4032.85,4025395100.0,38253411038.0,-0.0158651882156
sz399905,2014-04-18,4006.88,4029.26,3995.55,4029.76,3473647900.0,32247621176.0,0.00356717659542
sz399905,2014-04-17,4025.38,4014.94,4012.71,4035.37,3871839000.0,35587633381.0,-0.00122963777802
sz399905,2014-04-16,4010.36,4019.88,3992.5,4026.76,3810511500.0,34759895561.0,-0.000502995345988
sz399905,2014-04-15,4050.33,4021.91,4015.09,4050.33,4545686800.0,41713771291.0,-0.00726280011749
sz399905,2014-04-14,4019.51,4051.33,4018.74,4051.49,4157174200.0,37820284322.0,0.00749429149651
sz399905,2014-04-11,4021.96,4021.19,4001.8,4031.21,4324739300.0,39566857902.0,-0.00436907626942
sz399905,2014-04-10,4022.05,4038.84,4012.66,4052.84,5117418100.0,46752707217.0,0.00504983517674
sz399905,2014-04-09,3987.43,4018.55,3987.43,4019.09,4368503500.0,39980312964.0,0.00927309829529
sz399905,2014-04-08,3927.51,3981.63,3918.98,3981.63,4261820800.0,37712924941.0,0.0107625121566
sz399905,2014-04-04,3888.73,3939.23,3881.96,3939.61,3820321800.0,32452790131.0,0.0110230784235
sz399905,2014-04-03,3902.07,3896.28,3880.4,3919.17,4234271200.0,33958648555.0,-0.00147691862955
sz399905,2014-04-02,3901.19,3902.04,3891.55,3922.08,4398194300.0,34207477515.0,0.000655214222995
sz399905,2014-04-01,3836.5,3899.49,3835.23,3899.66,3465522000.0,29332505803.0,0.0153499407374
sz399905,2014-03-31,3865.0,3840.54,3815.74,3878.0,3833777800.0,31097095713.0,-0.00640546193757
sz399905,2014-03-28,3935.2,3865.3,3855.48,3951.73,5345826500.0,43844891578.0,-0.0199665622392
sz399905,2014-03-27,3994.82,3944.04,3943.79,3996.25,4945987200.0,41581287209.0,-0.0143591081549
sz399905,2014-03-26,3997.17,4001.5,3987.19,4009.88,4627750200.0,39747128884.0,0.00259524587437
sz399905,2014-03-25,3977.88,3991.14,3967.62,4007.94,5366702600.0,45244076393.0,0.00132543508166
sz399905,2014-03-24,3954.05,3985.86,3944.69,3995.87,5420297800.0,45816784065.0,0.00846803657127
sz399905,2014-03-21,3857.82,3952.39,3828.92,3954.26,5236272100.0,45269601668.0,0.0195569391355
sz399905,2014-03-20,3973.15,3876.58,3876.43,4000.37,4986305600.0,44829609970.0,-0.0261501007493
sz399905,2014-03-19,3979.25,3980.67,3944.09,3980.74,4266895800.0,39248886485.0,-0.00213777144847
sz399905,2014-03-18,3970.66,3989.2,3968.89,4009.35,4427084200.0,44080433148.0,0.00555839834642
sz399905,2014-03-17,3889.9,3967.15,3889.9,3967.85,3928817100.0,38774435121.0,0.0201016977481
sz399905,2014-03-14,3891.2,3888.98,3860.32,3913.5,3514083300.0,33406192196.0,-0.00465070923892
sz399905,2014-03-13,3865.92,3907.15,3861.71,3907.85,3706465800.0,34137589291.0,0.0107314090058
sz399905,2014-03-12,3857.58,3865.66,3803.73,3894.06,4122116000.0,36976695865.0,0.000362812026106
sz399905,2014-03-11,3848.17,3864.26,3826.93,3889.24,3993967800.0,37450245319.0,0.00104034874479
sz399905,2014-03-10,3981.51,3860.24,3856.1,3981.51,4966555400.0,47348547414.0,-0.0379327128807
sz399905,2014-03-07,4032.14,4012.45,3992.94,4051.03,4568632000.0,45596345165.0,-0.00503601011318
sz399905,2014-03-06,4030.65,4032.76,3980.28,4042.21,4818990300.0,46614619335.0,-0.0012452374867
sz399905,2014-03-05,4064.96,4037.78,4031.92,4075.75,5314363100.0,51928401778.0,-0.00536584320446
sz399905,2014-03-04,4045.2,4059.57,4016.03,4067.43,5365560900.0,54602426627.0,0.000189218534842
sz399905,2014-03-03,3975.54,4058.8,3969.3,4059.19,5129025700.0,53495701236.0,0.0208429275271
sz399905,2014-02-28,3926.77,3975.93,3874.72,3976.13,4660119900.0,48254509395.0,0.010471374507
sz399905,2014-02-27,3992.72,3934.73,3932.31,4053.85,5451092300.0,57316272091.0,-0.0132296588321
sz399905,2014-02-26,3941.12,3987.48,3883.96,3988.06,4885673600.0,49764846080.0,0.00657362135325
sz399905,2014-02-25,4109.49,3961.44,3937.17,4141.26,6566527100.0,70061216332.0,-0.0351583811357
sz399905,2014-02-24,4102.56,4105.79,4043.51,4105.79,5123873300.0,52821387266.0,-0.00391201472519
sz399905,2014-02-21,4142.3,4121.92,4085.82,4156.79,4801788300.0,47228926620.0,-0.00654459757377
sz399905,2014-02-20,4211.7,4149.07,4139.2,4221.63,6256447800.0,62300133273.0,-0.0140026340342
sz399905,2014-02-19,4206.02,4207.99,4180.91,4232.88,6121776100.0,63154497739.0,7.0109577705e-05
sz399905,2014-02-18,4216.61,4207.7,4188.07,4219.03,6391329600.0,66766223925.0,-0.00119779383751
sz399905,2014-02-17,4152.04,4212.75,4152.04,4213.14,6246941700.0,65593955445.0,0.0190086982603
sz399905,2014-02-14,4063.79,4134.16,4060.09,4134.23,5063115800.0,52265409790.0,0.017157909007
sz399905,2014-02-13,4123.22,4064.42,4064.42,4137.59,6105150000.0,62110135188.0,-0.0147837355396
sz399905,2014-02-12,4083.82,4125.41,4064.35,4125.71,5903926600.0,60189976732.0,0.0110367225782
sz399905,2014-02-11,4081.54,4080.38,4031.95,4099.78,6187682100.0,66427604053.0,0.00141068023354
sz399905,2014-02-10,3972.86,4074.63,3972.86,4074.63,5775494900.0,62830622725.0,0.02955248175
sz399905,2014-02-07,3864.89,3957.67,3854.98,3957.93,3403656600.0,37584978982.0,0.0185964643168
sz399905,2014-01-30,3900.01,3885.42,3877.57,3908.61,2854994000.0,30952128220.0,-0.00589338484565
sz399905,2014-01-29,3878.31,3908.45,3878.31,3913.12,3300838100.0,36653826332.0,0.00894210092906
sz399905,2014-01-28,3882.01,3873.81,3847.03,3906.57,3194653300.0,35468332899.0,-0.00209611311025
sz399905,2014-01-27,3867.57,3881.95,3854.87,3916.67,4263680500.0,45982997025.0,-0.000185697051615
sz399905,2014-01-24,3817.08,3882.67,3811.14,3890.53,4579074800.0,48820004180.0,0.0149476432537
sz399905,2014-01-23,3801.75,3825.49,3795.48,3841.03,4070580200.0,44043320024.0,0.00696070219808
sz399905,2014-01-22,3707.08,3799.04,3707.03,3799.06,4184904700.0,42102246756.0,0.0267381384543
sz399905,2014-01-21,3645.34,3700.11,3645.34,3700.59,2849780400.0,29215573162.0,0.0153625355881
sz399905,2014-01-20,3666.3,3644.13,3627.65,3680.01,2380574700.0,24791854467.0,-0.00756825797983
sz399905,2014-01-17,3704.36,3671.92,3669.59,3704.96,2532529300.0,25832781201.0,-0.0114150284548
sz399905,2014-01-16,3709.38,3714.31,3703.19,3738.08,2958331200.0,29674608914.0,0.00166444542847
sz399905,2014-01-15,3681.04,3708.14,3675.64,3708.54,2947919300.0,30178561089.0,0.00668054102392
sz399905,2014-01-14,3610.64,3683.53,3601.99,3683.53,2856510400.0,27864934160.0,0.0197988936938
sz399905,2014-01-13,3628.53,3612.02,3588.74,3657.69,2784241500.0,27652484466.0,-0.00457858246381
sz399905,2014-01-10,3685.02,3628.63,3619.68,3689.19,3139330300.0,29759859726.0,-0.0182328410835
sz399905,2014-01-09,3732.86,3696.02,3693.64,3768.62,3335413500.0,34352021520.0,-0.0112840253544
sz399905,2014-01-08,3735.5,3738.21,3726.11,3768.5,3194344100.0,32589003760.0,0.00121676788097
sz399905,2014-01-07,3699.9,3733.66,3688.42,3740.72,2720862100.0,27587590271.0,0.00613436424283
sz399905,2014-01-06,3806.59,3710.9,3709.91,3806.59,3451186600.0,33089075606.0,-0.0276229746174
sz399905,2014-01-03,3841.22,3816.32,3802.99,3843.36,3481756100.0,35851633239.0,-0.0082027007606
sz399905,2014-01-02,3823.32,3847.88,3813.81,3848.25,3080026000.0,31417807017.0,0.00490533535853
sz399905,2013-12-31,3805.7,3829.1,3789.82,3829.8,2927606200.0,29310880036.0,0.00422055791721
sz399905,2013-12-30,3815.68,3813.0,3803.79,3828.97,3165404000.0,30936808450.0,0.00321750254027
sz399905,2013-12-27,3737.65,3800.77,3734.65,3809.47,3221514200.0,31632394151.0,0.0153994034942
sz399905,2013-12-26,3809.5,3743.13,3741.61,3809.5,3311604800.0,33000779620.0,-0.0171515835958
sz399905,2013-12-25,3766.2,3808.45,3756.71,3808.46,2695198800.0,29515512213.0,0.0105473952179
sz399905,2013-12-24,3746.65,3768.7,3738.77,3799.77,2861014800.0,29958058529.0,0.0069374345733
sz399905,2013-12-23,3745.94,3742.74,3687.4,3757.39,2669013100.0,26950008205.0,-0.0011379764409
sz399905,2013-12-20,3792.68,3747.0,3736.4,3807.55,2920045600.0,28581621657.0,-0.0126536782518
sz399905,2013-12-19,3840.28,3795.02,3793.4,3859.22,2818348800.0,27594027322.0,-0.0101777626502
sz399905,2013-12-18,3836.02,3834.05,3819.07,3855.36,2698321600.0,26497719257.0,4.694802619e-06
sz399905,2013-12-17,3854.79,3834.03,3824.97,3867.78,3187531100.0,31628625524.0,-0.00614042250399
sz399905,2013-12-16,3929.38,3857.72,3854.47,3932.6,4104767600.0,40162442147.0,-0.0172513408708
sz399905,2013-12-13,3901.99,3925.43,3886.97,3932.89,3589454900.0,35209975010.0,0.00216290073787
sz399905,2013-12-12,3903.45,3916.96,3900.95,3943.03,3909067400.0,38454526925.0,0.00260623838558
sz399905,2013-12-11,3941.9,3906.78,3878.33,3941.9,4618804700.0,43699030434.0,-0.0110634489022
sz399905,2013-12-10,3948.57,3950.49,3930.0,3965.16,4588425400.0,45669979651.0,0.000704713423296
sz399905,2013-12-09,3928.16,3947.7,3924.81,3948.06,4010473800.0,40766212303.0,0.00738009734145
sz399905,2013-12-06,3924.64,3918.78,3906.8,3941.54,4282279000.0,41729852635.0,-0.00253033809451
sz399905,2013-12-05,3931.14,3928.72,3911.27,3944.7,4952427600.0,48484984771.0,-0.00108670281551
sz399905,2013-12-04,3856.35,3933.0,3852.48,3959.11,6414188300.0,61605073281.0,0.018923277603
sz399905,2013-12-03,3755.19,3859.96,3750.96,3861.16,4694205800.0,45238703134.0,0.0236258789429
sz399905,2013-12-02,3870.03,3770.87,3737.32,3905.68,6678309100.0,64791454017.0,-0.0444756629045
sz399905,2013-11-29,3924.42,3946.38,3919.73,3947.91,4847324600.0,49411282588.0,0.00604614310777
sz399905,2013-11-28,3897.26,3922.67,3895.11,3945.53,5544796400.0,53130333534.0,0.00846094419828
sz399905,2013-11-27,3843.65,3889.76,3837.14,3890.05,4722105800.0,46761262261.0,0.0114619640344
sz399905,2013-11-26,3837.87,3845.68,3822.13,3855.97,4295441500.0,40463719316.0,0.00158193479428
sz399905,2013-11-25,3834.81,3839.6,3824.65,3874.1,4643488800.0,42870008829.0,-0.000820765096717
sz399905,2013-11-22,3868.5,3842.76,3835.92,3880.72,4902397900.0,45404286319.0,-0.00586069783024
sz399905,2013-11-21,3865.57,3865.41,3838.54,3878.24,5398687300.0,49106389388.0,-0.00339660040881
sz399905,2013-11-20,3842.25,3878.58,3827.38,3878.7,4858289500.0,46676500973.0,0.00995191863273
sz399905,2013-11-19,3830.45,3840.37,3814.52,3851.57,5088261100.0,49083845023.0,0.00326107231101
sz399905,2013-11-18,3759.12,3827.88,3755.5,3828.02,5626400600.0,53555697449.0,0.0244697376013
sz399905,2013-11-15,3661.28,3736.45,3661.28,3766.36,4882691000.0,47107809937.0,0.0209359451122
sz399905,2013-11-14,3602.85,3659.83,3575.84,3660.04,3310775900.0,31634533974.0,0.0133093007287
sz399905,2013-11-13,3677.35,3611.76,3611.76,3677.35,3295728600.0,30074798410.0,-0.0186864087187
sz399905,2013-11-12,3645.37,3680.54,3634.87,3681.07,3005498100.0,28351838313.0,0.00951659974108
sz399905,2013-11-11,3626.19,3645.84,3600.09,3659.66,2735750000.0,26340249394.0,0.00438023768988
sz399905,2013-11-08,3670.35,3629.94,3618.93,3678.23,3494673000.0,32624376264.0,-0.0149523478714
sz399905,2013-11-07,3722.24,3685.04,3677.53,3734.86,3481496300.0,33087624802.0,-0.0139321710436
sz399905,2013-11-06,3768.73,3737.11,3737.11,3799.83,4509725200.0,41298449908.0,-0.0106681731687
sz399905,2013-11-05,3719.94,3777.4,3688.21,3777.63,3949816500.0,36353840607.0,0.01320105102
sz399905,2013-11-04,3705.45,3728.19,3705.43,3744.59,3285215200.0,30522020115.0,0.00695297296786
sz399905,2013-11-01,3698.47,3702.45,3661.74,3720.44,3338735700.0,30914885339.0,-0.00306529999093
sz399905,2013-10-31,3757.81,3713.83,3710.69,3757.81,4178754400.0,38030666070.0,-0.0134479033209
sz399905,2013-10-30,3694.31,3764.45,3688.39,3764.6,4154928200.0,38696491662.0,0.0163594196325
sz399905,2013-10-29,3801.93,3703.86,3600.43,3827.12,5573976200.0,51444644044.0,-0.0275272185833
sz399905,2013-10-28,3820.67,3808.7,3785.91,3828.72,3956984300.0,38708762881.0,-0.0034214432598
sz399905,2013-10-25,3902.23,3821.78,3796.07,3916.92,4990523700.0,49387094110.0,-0.0195931101782
sz399905,2013-10-24,3914.24,3898.16,3889.34,3933.73,4494228200.0,42767685473.0,-0.00664157632385
sz399905,2013-10-23,4026.56,3924.22,3906.51,4039.43,6770842100.0,62951196833.0,-0.0254058347216
sz399905,2013-10-22,4070.67,4026.52,4014.27,4089.1,7364594300.0,74639747692.0,-0.0104489199277
sz399905,2013-10-21,3977.26,4069.03,3968.39,4069.22,6605729100.0,64778993477.0,0.0247798781104
sz399905,2013-10-18,3954.59,3970.64,3937.24,3978.34,5077960100.0,48046875361.0,0.003456184222
sz399905,2013-10-17,3980.47,3956.97,3944.97,4010.62,6631917800.0,63201376759.0,-0.00157624674128
sz399905,2013-10-16,4063.82,3963.21,3941.59,4063.82,7783795200.0,75722341889.0,-0.0272137312863
sz399905,2013-10-15,4074.83,4074.08,4043.79,4080.11,7567178200.0,72950258752.0,0.00141655523656
sz399905,2013-10-14,4034.19,4068.32,4024.59,4069.78,7469228800.0,72971055096.0,0.0102818136758
sz399905,2013-10-11,3975.11,4026.92,3975.11,4027.32,7201558200.0,68678643097.0,0.0169930018714
sz399905,2013-10-10,3990.78,3959.63,3947.84,4000.49,6980745400.0,66293048383.0,-0.0053824887756
sz399905,2013-10-09,3928.4,3981.06,3915.73,3981.45,6021401200.0,58126060073.0,0.0109165204867
sz399905,2013-10-08,3875.52,3938.07,3866.68,3938.07,5513437900.0,55498920949.0,0.0168285052027
sz399905,2013-09-30,3834.17,3872.89,3834.01,3873.49,3945458200.0,41763486724.0,0.0131148767461
sz399905,2013-09-27,3805.5,3822.76,3802.9,3841.54,4354926600.0,44024203903.0,0.00381858592055
sz399905,2013-09-26,3879.48,3808.22,3806.64,3883.39,5902757300.0,56763483787.0,-0.020828078425
sz399905,2013-09-25,3899.61,3889.22,3881.6,3930.6,7019162200.0,67886689453.0,-0.00366259358866
sz399905,2013-09-24,3897.41,3903.52,3864.44,3915.98,6507975400.0,63947874499.0,0.000998301118697
sz399905,2013-09-23,3830.95,3899.63,3830.95,3899.86,5652713900.0,56490895298.0,0.0202772124288
sz399905,2013-09-18,3780.7,3822.12,3776.7,3823.01,4446441000.0,43668160027.0,0.00946334831017
sz399905,2013-09-17,3851.66,3786.29,3785.23,3851.66,5755855300.0,53088749807.0,-0.0176210047878
sz399905,2013-09-16,3852.36,3854.21,3836.41,3870.73,5568231100.0,52644030423.0,0.00113953379638
sz399905,2013-09-13,3846.45,3849.82,3825.18,3858.43,6486534300.0,56409493116.0,0.00123586891051
sz399905,2013-09-12,3824.75,3845.07,3815.74,3857.52,6727343900.0,57448642414.0,0.002819319931
sz399905,2013-09-11,3876.59,3834.26,3814.28,3876.77,8802626600.0,76016248233.0,-0.00947190114606
sz399905,2013-09-10,3836.47,3870.92,3832.32,3871.19,8106345200.0,71770712391.0,0.0101766030512
sz399905,2013-09-09,3799.45,3831.93,3793.11,3835.48,7293221900.0,67253506959.0,0.0103076012858
sz399905,2013-09-06,3758.91,3792.83,3754.64,3799.07,6060311700.0,56989302419.0,0.0080431747564
sz399905,2013-09-05,3749.94,3762.57,3741.46,3776.0,6068110500.0,54687164547.0,0.00195193967681
sz399905,2013-09-04,3747.23,3755.24,3734.78,3766.41,6236384800.0,54486355899.0,0.0027685866883
sz399905,2013-09-03,3685.34,3744.87,3680.15,3745.24,5962664600.0,50108691899.0,0.0148814661626
sz399905,2013-09-02,3674.68,3689.96,3633.46,3695.09,6286094400.0,52818470953.0,0.007044202363
sz399905,2013-08-30,3702.85,3664.15,3645.36,3727.3,7706919600.0,64028442860.0,-0.00997951140247
sz399905,2013-08-29,3703.05,3701.08,3679.08,3715.85,6293668600.0,53345962599.0,-0.000765945268796
sz399905,2013-08-28,3707.53,3703.92,3680.5,3740.13,7020592900.0,63585748881.0,-0.00755017687102
sz399905,2013-08-27,3702.58,3732.1,3691.16,3732.22,5746790700.0,51583006762.0,0.00769658005078
sz399905,2013-08-26,3629.36,3703.59,3627.31,3703.79,5352258900.0,50848498102.0,0.0208444391767
sz399905,2013-08-23,3644.68,3627.97,3560.13,3654.73,5483723100.0,52538563861.0,-0.00233715728087
sz399905,2013-08-22,3621.89,3636.47,3615.71,3650.11,4613253500.0,43266633995.0,0.00247222536948
sz399905,2013-08-21,3596.93,3627.5,3577.82,3627.91,4261988400.0,39002159433.0,0.0077407805287
sz399905,2013-08-20,3606.61,3599.64,3580.19,3634.05,4315981900.0,40942687117.0,-0.00260208565852
sz399905,2013-08-19,3528.91,3609.03,3522.15,3609.17,3846959400.0,35417007167.0,0.0153839747824
sz399905,2013-08-16,3611.28,3554.35,3550.82,3688.69,5363560100.0,49148539297.0,-0.0211969693673
sz399905,2013-08-15,3674.65,3631.32,3629.34,3686.26,4373973600.0,41626247438.0,-0.013518036273
sz399905,2013-08-14,3694.68,3681.08,3662.04,3706.77,5298329000.0,47033333854.0,-0.00391551789827
sz399905,2013-08-13,3677.12,3695.55,3669.49,3695.56,5264948300.0,45698166160.0,0.00526549870178
sz399905,2013-08-12,3629.51,3676.2,3628.95,3676.2,5649268700.0,53214492024.0,0.0158759503297
sz399905,2013-08-09,3611.78,3618.74,3570.78,3637.91,4435769100.0,43821525174.0,0.00357585590083
sz399905,2013-08-08,3589.16,3605.85,3577.58,3627.25,4244996800.0,41185098735.0,0.00265048863866
sz399905,2013-08-07,3628.0,3596.32,3589.34,3644.21,5261651700.0,49976415052.0,-0.00958546169175
sz399905,2013-08-06,3589.52,3631.12,3581.53,3638.71,4979607000.0,47335574737.0,0.0107405962025
sz399905,2013-08-05,3531.65,3592.54,3528.85,3592.87,4172185000.0,40115301552.0,0.0166767177693
sz399905,2013-08-02,3535.89,3533.61,3528.64,3563.19,4726402100.0,44429897647.0,0.00353776264132
sz399905,2013-08-01,3435.08,3521.15,3429.72,3521.16,4422596400.0,42269871915.0,0.0263526005883
sz399905,2013-07-31,3428.13,3430.74,3418.72,3462.1,3582566100.0,33393083994.0,0.00572346718285
sz399905,2013-07-30,3426.96,3411.22,3349.55,3449.54,3659272800.0,34953447508.0,-0.00448667233021
sz399905,2013-07-29,3477.26,3426.59,3423.77,3484.64,3919105400.0,36668786390.0,-0.0193368418552
sz399905,2013-07-26,3486.96,3494.16,3449.61,3520.49,3935843200.0,38981411492.0,-0.0011671576752
sz399905,2013-07-25,3561.51,3498.24,3496.31,3572.55,5086679000.0,51562676517.0,-0.01907869316
sz399905,2013-07-24,3536.16,3566.28,3500.08,3575.0,5654974300.0,56316924931.0,0.00601303369341
sz399905,2013-07-23,3470.6,3544.97,3470.6,3545.05,5354383300.0,53322693177.0,0.0241774649328
sz399905,2013-07-22,3374.57,3461.28,3359.39,3461.7,4199297200.0,41787754334.0,0.0197315739948
sz399905,2013-07-19,3479.53,3394.31,3394.31,3510.11,5098659500.0,49889751914.0,-0.0249612130986
sz399905,2013-07-18,3476.18,3481.2,3445.33,3505.19,4598343600.0,45744852787.0,-0.0011113106924
sz399905,2013-07-17,3529.71,3485.07,3474.36,3552.37,5004677800.0,49055064036.0,-0.014489384848
sz399905,2013-07-16,3496.73,3536.31,3474.36,3536.31,4931472400.0,48308414198.0,0.0122721408491
sz399905,2013-07-15,3432.26,3493.44,3431.5,3493.72,4658588700.0,45609098379.0,0.0199425716067
sz399905,2013-07-12,3453.44,3425.14,3424.28,3490.5,5180821300.0,50056306876.0,-0.00889757873818
sz399905,2013-07-11,3364.84,3455.88,3364.23,3484.79,6332352100.0,56898559181.0,0.0281100554978
sz399905,2013-07-10,3259.85,3361.4,3257.9,3361.4,4186412600.0,38711690708.0,0.0311309112427
sz399905,2013-07-09,3231.7,3259.91,3210.73,3263.39,3009463500.0,28150383007.0,0.00599726521743
sz399905,2013-07-08,3322.14,3240.48,3240.11,3322.14,3995247000.0,36284240660.0,-0.0388701980615
sz399905,2013-07-05,3392.58,3371.53,3371.32,3427.98,4395283200.0,40669748664.0,-0.00559182041051
sz399905,2013-07-04,3342.01,3390.49,3325.27,3427.38,4693895500.0,44347115069.0,0.00781883511722
sz399905,2013-07-03,3346.11,3364.18,3288.02,3372.63,4431065700.0,42556348116.0,0.00152751385584
sz399905,2013-07-02,3304.99,3359.05,3295.33,3359.12,4038507400.0,39563446595.0,0.0164807082026
sz399905,2013-07-01,3226.62,3304.59,3210.66,3304.59,3532662900.0,33608711143.0,0.0212031725803
sz399905,2013-06-28,3212.25,3235.98,3176.24,3292.91,3864059600.0,34979634869.0,0.000852400484718
sz399905,2013-06-27,3293.08,3233.22,3231.15,3339.86,4496869100.0,42517431123.0,-0.0160069729973
sz399905,2013-06-26,3222.68,3285.82,3200.16,3285.82,3990058900.0,38224847772.0,0.0207148879171
sz399905,2013-06-25,3202.66,3219.13,2981.69,3243.4,5155439200.0,44250328604.0,-0.00427719224662
sz399905,2013-06-24,3439.87,3232.96,3200.67,3439.87,4053654100.0,36506606231.0,-0.0619486743812
sz399905,2013-06-21,3401.47,3446.47,3347.76,3464.59,3228314600.0,30744908902.0,-0.00535006597395
sz399905,2013-06-20,3562.13,3465.0,3463.13,3566.36,3302402600.0,32563649485.0,-0.0330126045894
sz399905,2013-06-19,3588.77,3583.3,3525.45,3588.77,3289541700.0,32107538554.0,-0.00622892606769
sz399905,2013-06-18,3594.9,3605.76,3557.46,3613.03,3133290800.0,31369487347.0,0.003447180934
sz399905,2013-06-17,3593.51,3593.37,3565.28,3620.95,3564597000.0,37328974228.0,0.00234115802105
sz399905,2013-06-14,3519.37,3584.98,3519.33,3591.25,3464384000.0,35265955848.0,0.0198938848665
sz399905,2013-06-13,3573.9,3515.05,3446.25,3573.9,3724168200.0,34264499771.0,-0.0279740391183
sz399905,2013-06-07,3690.96,3616.21,3593.97,3701.22,4070865200.0,39558664009.0,-0.0196614775359
sz399905,2013-06-06,3742.5,3688.74,3686.25,3742.5,3881376400.0,38013941993.0,-0.0176855878916
sz399905,2013-06-05,3733.95,3755.15,3718.12,3759.52,3661617300.0,37010106619.0,0.00412436853629
sz399905,2013-06-04,3809.56,3739.72,3707.56,3811.65,4924970600.0,48610521189.0,-0.019605663637
sz399905,2013-06-03,3836.77,3814.51,3803.36,3855.79,4838775300.0,49391590358.0,-0.00695300292772
sz399905,2013-05-31,3867.59,3841.22,3840.7,3884.68,5506793500.0,56207611615.0,-0.00618762506035
sz399905,2013-05-30,3843.16,3865.13,3835.22,3872.26,5445480900.0,55483912363.0,0.00228585861284
sz399905,2013-05-29,3830.22,3856.32,3828.29,3858.92,5831909600.0,57096106271.0,0.00745523125403
sz399905,2013-05-28,3820.24,3827.78,3770.65,3829.97,6007156800.0,58861069186.0,0.00192517747362
sz399905,2013-05-27,3784.47,3820.43,3782.27,3820.59,5552935700.0,55508754527.0,0.0101415335672
sz399905,2013-05-24,3723.62,3782.07,3723.62,3782.17,5023893800.0,48927064353.0,0.0155312683511
sz399905,2013-05-23,3740.44,3724.23,3716.29,3783.97,5781309600.0,54473098354.0,-0.00842546901201
sz399905,2013-05-22,3782.97,3755.87,3740.22,3795.17,6531327200.0,63037516258.0,-0.00823462216987
sz399905,2013-05-21,3733.67,3787.06,3727.67,3787.1,6769011700.0,66347954151.0,0.0131927031999
sz399905,2013-05-20,3700.09,3737.75,3686.76,3740.58,6679882500.0,66738550616.0,0.0125559442369
sz399905,2013-05-17,3632.61,3691.4,3631.26,3695.24,5939850400.0,54997639169.0,0.0153046616177
sz399905,2013-05-16,3594.3,3635.76,3578.09,3647.49,5239356700.0,50602541528.0,0.0107444706939
sz399905,2013-05-15,3549.75,3597.11,3548.55,3597.24,3648741800.0,37037743203.0,0.013468278138
sz399905,2013-05-14,3586.32,3549.3,3524.58,3586.32,3808365800.0,36835083435.0,-0.0115449161431
sz399905,2013-05-13,3577.3,3590.76,3565.49,3591.09,3946578000.0,38932043041.0,0.00375447925225
sz399905,2013-05-10,3550.03,3577.33,3536.17,3577.33,4466670800.0,44817877724.0,0.00606282354112
sz399905,2013-05-09,3551.9,3555.77,3517.59,3557.02,4930172500.0,49151023188.0,0.000540540844741
sz399905,2013-05-08,3524.79,3553.85,3517.94,3554.15,4230729500.0,41307431389.0,0.00919244964542
sz399905,2013-05-07,3511.21,3521.48,3495.8,3531.55,4120139600.0,40099911418.0,0.00199746361956
sz399905,2013-05-06,3456.28,3514.46,3456.28,3516.87,4424931400.0,42476585112.0,0.019084914633
sz399905,2013-05-03,3391.22,3448.64,3391.22,3459.98,3724433800.0,35659631511.0,0.0192829811923
sz399905,2013-05-02,3354.47,3383.4,3345.44,3386.28,2943853500.0,28077105491.0,0.00464165265639
sz399905,2013-04-26,3427.15,3367.77,3360.75,3438.32,3740291100.0,34801657174.0,-0.0185449033791
sz399905,2013-04-25,3473.02,3431.4,3431.15,3494.54,4883644300.0,46953028570.0,-0.0152578454488
sz399905,2013-04-24,3417.4,3484.57,3411.82,3489.52,4244921200.0,40524123383.0,0.0199385385235
sz399905,2013-04-23,3509.2,3416.45,3412.21,3509.74,4361645100.0,39770062432.0,-0.0271028447237
sz399905,2013-04-22,3478.04,3511.62,3475.86,3511.72,4380969500.0,41273810250.0,0.00468694299279
sz399905,2013-04-19,3423.44,3495.24,3422.97,3498.57,4333789100.0,39859246220.0,0.0211012990898
sz399905,2013-04-18,3396.01,3423.01,3383.97,3434.05,3234672700.0,29865355533.0,0.00310513137906
sz399905,2013-04-17,3381.61,3412.42,3373.03,3412.52,2879345800.0,26727029858.0,0.00867109005076
sz399905,2013-04-16,3313.51,3383.08,3302.24,3383.31,2989388900.0,25812228445.0,0.010825100968
sz399905,2013-04-15,3382.0,3346.85,3336.42,3382.0,2930810700.0,25580176434.0,-0.0140420566461
sz399905,2013-04-12,3418.3,3394.52,3391.01,3434.67,2929498800.0,26198905341.0,-0.00838392658134
sz399905,2013-04-11,3442.93,3423.22,3420.76,3453.53,3192556800.0,28642370316.0,-0.00408754978883
sz399905,2013-04-10,3444.46,3437.27,3410.03,3455.69,3555170800.0,33103603814.0,-0.00206249559063
sz399905,2013-04-09,3411.4,3444.37,3411.4,3449.92,3418339600.0,30878493181.0,0.00974486460498
sz399905,2013-04-08,3354.44,3411.13,3315.33,3411.38,3622082800.0,32252840650.0,0.00409097759588
sz399905,2013-04-03,3429.89,3397.23,3382.23,3438.59,3672102000.0,32560825378.0,-0.00912002333382
sz399905,2013-04-02,3471.69,3428.5,3419.74,3504.28,3786367600.0,35182736424.0,-0.0122329269136
sz399905,2013-04-01,3449.54,3470.96,3448.29,3489.14,3295382300.0,30167400237.0,0.00686772344033
sz399905,2013-03-29,3449.28,3447.29,3434.57,3470.48,3155551800.0,28629550098.0,-0.000490580250318
sz399905,2013-03-28,3526.54,3448.98,3448.67,3526.54,4125274100.0,37049156757.0,-0.0290744729337
sz399905,2013-03-27,3541.38,3552.26,3528.31,3579.39,3689400200.0,35430083154.0,0.0023830270906
sz399905,2013-03-26,3556.3,3543.81,3504.57,3557.79,3813555100.0,35743324347.0,-0.00692471367005
sz399905,2013-03-25,3581.31,3568.52,3550.19,3590.82,3978482600.0,37323613032.0,-0.00318359069476
sz399905,2013-03-22,3561.12,3579.92,3549.07,3586.09,4281136800.0,38737281453.0,0.00417949969425
sz399905,2013-03-21,3527.76,3565.02,3522.14,3575.84,4850444100.0,45250505031.0,0.0105585054816
sz399905,2013-03-20,3436.85,3527.77,3432.58,3527.83,4530861900.0,39767863848.0,0.0260902040446
sz399905,2013-03-19,3421.74,3438.07,3378.91,3442.06,3463203400.0,31250906003.0,0.00319568617381
sz399905,2013-03-18,3461.87,3427.12,3423.52,3477.93,3615736500.0,34162311552.0,-0.0127027604752
sz399905,2013-03-15,3466.89,3471.21,3431.57,3525.53,3800305700.0,36029721961.0,0.00183557517864
sz399905,2013-03-14,3443.78,3464.85,3440.02,3482.37,2775663100.0,25915221081.0,0.0044947598823
sz399905,2013-03-13,3473.27,3449.35,3413.18,3477.1,3141551100.0,28827635231.0,-0.0091420281945
sz399905,2013-03-12,3570.47,3481.18,3438.19,3589.72,4406928500.0,40719835241.0,-0.0251826815509
sz399905,2013-03-11,3568.62,3571.11,3543.77,3588.71,3273366500.0,31010435378.0,0.000203059618304
sz399905,2013-03-08,3608.9,3570.38,3564.23,3626.92,3964923800.0,38381068979.0,-0.0108764308906
sz399905,2013-03-07,3648.28,3609.64,3575.98,3651.74,5494145600.0,53496724299.0,-0.012122276976
sz399905,2013-03-06,3605.36,3653.93,3605.36,3654.11,5824637900.0,55482834943.0,0.0155678750123
sz399905,2013-03-05,3516.53,3597.92,3507.03,3598.01,5038021500.0,47679030905.0,0.0225096249571
sz399905,2013-03-04,3614.56,3518.72,3496.05,3614.56,6458809000.0,58624532627.0,-0.0355509861524
sz399905,2013-03-01,3608.62,3648.42,3603.98,3648.69,5017328200.0,47913789682.0,0.0111476667445
sz399905,2013-02-28,3544.06,3608.2,3531.9,3608.2,4606208900.0,42703449313.0,0.0204482824155
sz399905,2013-02-27,3538.94,3535.9,3506.76,3568.69,3823497400.0,36615453562.0,0.000761914681405
sz399905,2013-02-26,3573.95,3533.2,3532.27,3600.46,4338675800.0,41504131316.0,-0.0151586567796
sz399905,2013-02-25,3551.6,3587.59,3551.37,3595.6,3767710200.0,35661833113.0,0.0110555361099
sz399905,2013-02-22,3552.67,3548.36,3543.02,3587.71,4158543800.0,39756230929.0,-0.00335897056358
sz399905,2013-02-21,3612.72,3560.32,3531.13,3612.72,5441162500.0,50565195711.0,-0.0206465632844
sz399905,2013-02-20,3555.59,3635.38,3553.49,3635.38,4425230800.0,41216710013.0,0.0207836507264
sz399905,2013-02-19,3624.94,3561.36,3546.72,3630.65,4842099100.0,42698603190.0,-0.0183084622645
sz399905,2013-02-18,3625.03,3627.78,3604.01,3639.36,4509927800.0,41448241843.0,0.00531703665893
sz399905,2013-02-08,3554.15,3608.59,3553.8,3618.84,3792830300.0,36455880337.0,0.0143133126288
sz399905,2013-02-07,3539.48,3557.67,3526.03,3565.38,3870483400.0,36599179547.0,0.00374733557444
sz399905,2013-02-06,3521.66,3544.39,3521.64,3555.94,4230870500.0,38010627848.0,0.00674279663448
sz399905,2013-02-05,3466.59,3520.65,3457.43,3520.99,4771113300.0,41301298971.0,0.0104133841432
sz399905,2013-02-04,3517.46,3484.36,3467.02,3524.04,5593744600.0,50387987916.0,-0.00665591130849
sz399905,2013-02-01,3471.27,3507.71,3462.68,3507.83,4792548700.0,42185118919.0,0.00806721848652
sz399905,2013-01-31,3497.28,3479.64,3463.2,3499.15,4859125200.0,43092440966.0,-0.00598186927987
sz399905,2013-01-30,3482.57,3500.58,3462.37,3502.72,5421893000.0,46990705859.0,0.00518561420627
sz399905,2013-01-29,3451.66,3482.52,3447.82,3489.86,4928037500.0,45187021289.0,0.00948607366121
sz399905,2013-01-28,3362.47,3449.79,3362.22,3449.95,4542212100.0,41684784652.0,0.0254849718837
sz399905,2013-01-25,3363.43,3364.06,3346.24,3382.77,3709918600.0,33398507121.0,-0.00168292315235
sz399905,2013-01-24,3442.62,3369.73,3344.98,3473.98,5717497000.0,49520340993.0,-0.0209233978694
sz399905,2013-01-23,3422.77,3441.75,3393.05,3451.26,4335737300.0,38051251608.0,0.00183703136198
sz399905,2013-01-22,3487.57,3435.43,3409.84,3487.57,5347412200.0,47247161757.0,-0.0159513188024
sz399905,2013-01-21,3475.2,3491.12,3458.87,3492.22,5378953200.0,45819878963.0,0.00764205279329
sz399905,2013-01-18,3416.45,3464.65,3406.6,3466.53,5111861100.0,44339888668.0,0.0166146227929
sz399905,2013-01-17,3444.47,3408.02,3399.66,3452.37,4741554100.0,41612112790.0,-0.0123278540295
sz399905,2013-01-16,3448.28,3450.56,3393.71,3462.59,6290848200.0,55786554153.0,-3.5355329758e-05
sz399905,2013-01-15,3390.33,3450.68,3389.78,3463.26,6936897000.0,61177582010.0,0.0194806403437
sz399905,2013-01-14,3264.15,3384.75,3262.58,3387.5,5675323000.0,49292491425.0,0.0347171463255
sz399905,2013-01-11,3357.47,3271.18,3262.83,3360.41,5130053400.0,42629276534.0,-0.0253760781802
sz399905,2013-01-10,3335.09,3356.35,3329.93,3368.01,4790195800.0,39408457427.0,0.00640572212126
sz399905,2013-01-09,3321.77,3334.99,3303.8,3359.08,5092739600.0,43568057137.0,0.0023886096951
sz399905,2013-01-08,3288.13,3327.04,3270.77,3331.67,5196382700.0,44519415792.0,0.0117599332678
sz399905,2013-01-07,3253.67,3288.37,3245.46,3288.65,4273112200.0,36303731585.0,0.00924360953162
sz399905,2013-01-04,3297.04,3258.25,3226.95,3304.76,4617085400.0,38348980386.0,-0.00537538234235
